1040,1.93001896988792,Kate Adams,Skipper,28
1098,1.83280386097063,Tryg van Wyk,Skipper,26
932,1.48158102609167,Emily Mock,Skipper,27
1201,1.47285002944628,Chris Connor,Skipper,25
1055,1.20029121630807,Patrick Shachoy,Skipper,28
1029,1.03521822812758,Dylan Balunas,Skipper,28
801,0.939443756750224,Marguerite Bowen,Skipper,27
1026,0.889611161812935,Gavin Tucker,Skipper,26
802,0.886332730132342,Grace Murphy,Skipper,25
1059,0.835131556206445,Hope Campbell,Skipper,28
777,0.826994699175867,Benjamin Reeser,Skipper,28
1051,0.756902787658727,Nathaniel Hartwell,Skipper,28
789,0.729394939675388,Meg Woolverton,Skipper,27
1180,0.667129026503058,Nathaniel Bacheller,Skipper,28
800,0.652343109256376,Amanda Yolles,Skipper,26
799,0.647421016247977,Ariana Schwartz,Skipper,27
790,0.622738820520949,Ian Hopkins Guerra,Skipper,26
1049,0.617530792973589,Asher Moss,Skipper,25
899,0.611945683352341,James Frady,Skipper,28
990,0.58800311637626,Lola Kohl,Skipper,28
985,0.537848054972992,Kique Ruiz,Skipper,26
791,0.453246457026747,Chase Decker,Skipper,28
906,0.438679398511937,Vaughn Lynch,Skipper,27
393,0.436847077935495,Marcus Adam,Skipper,23
748,0.435158329172721,Luke Adams,Skipper,28
893,0.369079808036968,Margot Gordon,Skipper,26
762,0.355373409874632,Tristan McDonald,Skipper,28
880,0.346060561114196,Eliott Raison,Skipper,26
921,0.339173637340735,Cole Crosby,Skipper,26
783,0.31530262582308,Peter Cotoia,Skipper,26
795,0.312287998141358,Savannah Young,Skipper,25
1018,0.298176734377497,Efe Guder,Skipper,28
704,0.256695069228754,Connor Bennett,Skipper,26
1021,0.234871143798202,Matthew Sexton,Skipper,28
803,0.227093004534355,Sage Andrews,Skipper,28
874,0.217720588908398,Gilda Dondona,Skipper,28
792,0.217590191372155,Shea Smith,Skipper,25
697,0.210393102780829,Hamilton Barclay,Skipper,27
699,0.202547685757173,Nicholas Chesemore,Skipper,27
882,0.176217070009944,Nina Lubchenco,Skipper,25
829,0.160472539482414,Charlie Allen,Skipper,28
884,0.156405243610304,Lauren Murray,Skipper,28
879,0.133307106519333,Grace Beard,Skipper,25
701,0.112015855834357,Herbert Single,Skipper,27
793,0.097311395320677,Sam Monaghan,Skipper,24
388,0.0931383858609296,Pilar Cundey,Skipper,27
1017,0.0885328377492316,Cade Boguslaw,Skipper,27
749,0.0866110423601834,Bradlee Anderson,Skipper,28
288,0.0721786622559253,Marina Dreyfuss,Skipper,27
712,0.0669048045243357,Landon Cormie,Skipper,27
721,0.0557993050344816,James Lilyquist,Skipper,28
833,0.053541136249593,No ,Skipper,ow
914,0.053148660448664,Jacob Entwisle,Skipper,27
987,0.0456892106853117,Madisen Hamai,Skipper,26
838,0.0425084817366379,Sara Menesale,Skipper,28
839,0.0414881053086718,Ava Moring,Skipper,25
894,0.0384308029495317,Ben Sheppard,Skipper,27
502,0.028969865135688,Kirin Dhaka,Skipper,27
850,0.0213742414760256,Ethan Martin,Skipper,28
454,0.0194973893259167,Owen Hennessey,Skipper,25
1054,0.0187202918705407,Drew D’Orsi,Skipper,28
905,0.0009046500036542,Anna Servidio,Skipper,26
698,0.0006598633038361,Spencer Kriegstein,Skipper,25
1,0.0,Davis Winsor,Skipper,24
1056,-0.0107945575798305,John Wood,Skipper,26
1061,-0.0163028791602806,Myles Hazen,Skipper,26
782,-0.0262716185593028,Grace Ivancich,Skipper,28
1048,-0.0327213012740573,Olivia Blackmer,Skipper,28
979,-0.0332869624564189,Jason Dank,Skipper,26
830,-0.0358530753426325,Zohar Almani,Skipper,28
848,-0.0423217861960263,William Delong,Skipper,25
804,-0.0523851465846934,Sylvia Burns,Skipper,26
35,-0.056953832163229,Jackson McGeough,Skipper,25
908,-0.062329887821345,Tyson Hammer,Skipper,25
988,-0.0671995277726358,Mira Herlihy,Skipper,27
2,-0.0695882835325925,Robert Bloomfield,Skipper,26
991,-0.0824930659328773,Hayden Clary,Skipper,28
1200,-0.104816149510303,Nathaniel Rubin,Skipper,28
1179,-0.112378387141013,Xinshi Feng,Skipper,27
1028,-0.123107952010988,Tessa Hason,Skipper,25
702,-0.141257420084734,Kennedy Leehealey,Skipper,26
813,-0.141695086932176,Max Harthorne,Skipper,28
760,-0.146142881669789,James Brock,Skipper,28
1175,-0.147590787887259,Payden Pittman,Skipper,28
886,-0.169873002858381,Anna Robertson,Skipper,28
903,-0.173122902907592,Lara Nielsen,Skipper,28
904,-0.174005824599183,James Unger,Skipper,27
6,-0.174529798287868,Camden Wacha,Skipper,27
767,-0.190392005975727,William Michels,Skipper,25
1037,-0.193675304481953,Ocean Smith,Skipper,28
711,-0.195624242957934,Celia Byrne,Skipper,24
1084,-0.199986409731923,Luke Sadalla,Skipper,28
1057,-0.201867565464918,"Gabriel ""Gabe"" Morreale",Skipper,28
895,-0.204590019022405,Gavin Monaghan,Skipper,26
703,-0.206718820131691,Diego Escobar,Skipper,25
312,-0.208546491452267,Weston Rapp,Skipper,27
846,-0.208679036708114,Austin Rupert,Skipper,26
0,-0.215894416839469,Luke Harris,Skipper,27
498,-0.21700989374223,Lucas Woodworth,Skipper,27
806,-0.218063357346497,Olivia Hogan-Lopez,Skipper,26
832,-0.22542732852798,Camden Hom,Skipper,26
492,-0.226773281697624,Katherine Weaver,Skipper,25
4,-0.227673588824735,Jack Phibbs,Skipper,27
834,-0.233746416530063,Andrew Shaz,Skipper,27
716,-0.234007242534447,Zachary Bender,Skipper,28
604,-0.236733251966717,Nicholas David,Skipper,26
916,-0.238821093404319,Christiana Greer,Skipper,28
945,-0.24987089248364,Joseph Simpkins,Skipper,27
464,-0.250029831159833,Parker Purrington,Skipper,24
794,-0.251403306201687,Oliver Keeves,Skipper,28
583,-0.277232861721892,Jack Redmond,Skipper,26
831,-0.279644357956649,Liam Holder,Skipper,28
922,-0.288492695526045,Karolina Debniak,Skipper,26
907,-0.303635937666639,Henry Powell,Skipper,26
901,-0.309714429648146,Aidan Gurskis,Skipper,28
605,-0.313848551317592,Kathleen Hanson,Skipper,25
256,-0.330689492921731,Christian Ehrnrooth,Skipper,24
1033,-0.33772959985925,Joseph Cataldo,Skipper,28
342,-0.338958458557149,Oscar Gilroy,Skipper,27
981,-0.343876729711268,Cole Amaral,Skipper,28
917,-0.34507595648961,Olivia Coffill,Skipper,28
1074,-0.347703910353146,Samantha Forgosh,Skipper,26
713,-0.373802762164104,Olivia Gilmore,Skipper,27
920,-0.374772610863942,Morgan Rathjen,Skipper,28
1196,-0.388690783353885,Hans Scheyer,Skipper,28
898,-0.404961685906509,Rogelio Casellas,Skipper,28
710,-0.405982052880309,Isabelle Tsuchitori,Skipper,26
737,-0.414396317158453,Leah Rickard,Skipper,26
52,-0.414982179072356,Kathleen Hale,Skipper,26
20,-0.417866367364828,Daniel Gates,Skipper,26
1058,-0.420682574358441,Luke Barker,Skipper,28
443,-0.422083477573662,Zachary Amelotte,Skipper,27
986,-0.427849268993485,Oakley Cunningham,Skipper,27
759,-0.429327731653641,Emaline Ouellette,Skipper,28
918,-0.435318391574811,John TIS,Skipper,24
849,-0.44161068815781,Genevieve Gordon,Skipper,28
610,-0.441816264599616,Skylor Sweet,Skipper,26
664,-0.458159670997175,Morgan Carew,Skipper,25
888,-0.466980576832162,Kate Castleberry,Skipper,28
912,-0.476870100490202,Audrey Bengtson,Skipper,28
1062,-0.481582932328725,Charlotte Maffie,Skipper,25
842,-0.484572933400233,Kailey Warrior,Skipper,27
980,-0.488827399518813,Colby Green,Skipper,25
16,-0.49408513989431,Emerson Marquez,Skipper,27
709,-0.498377690114716,Ellie Harned,Skipper,26
611,-0.500018994294566,Jonathan Weed,Skipper,26
101,-0.500183659450702,Patience Gifford,Skipper,27
1046,-0.501463442728024,Kevin McNeill,Skipper,28
127,-0.505751575189445,Maya Conway,Skipper,26
41,-0.523834311358833,Patrick Igoe,Skipper,26
910,-0.525745337890796,Nadine Rouba,Skipper,26
456,-0.52683286072707,Kadi Zheng,Skipper,24
750,-0.528246851337641,Henry Parker,Skipper,26
739,-0.531441263480857,Ella Demand,Skipper,28
626,-0.536021823986097,George Warfel,Skipper,26
1189,-0.540385024909012,Ricky Miller,Skipper,26
924,-0.540660914659462,Naitik Gupta,Skipper,25
19,-0.544815919559363,Matthew Prendiville,Skipper,25
625,-0.546443987418023,Emily Smith,Skipper,25
843,-0.546758298757767,Grace Jones,Skipper,28
847,-0.54842640013772,Curtis Mallory,Skipper,28
763,-0.549470544738717,Pierson Falk,Skipper,28
1022,-0.550949565888801,Keira LePage,Skipper,27
7,-0.551261152045556,lucas kaemmerer,Skipper,26
32,-0.554056058429902,Marco Distel,Skipper,24
1099,-0.56367536516211,Marc Leyk,Skipper,28
510,-0.565773725465518,Thibault Antonietti,Skipper,24
994,-0.567232587038514,Simone Ford,Skipper,28
770,-0.572324979638811,Harrison Strom,Skipper,28
633,-0.576829524010928,Jaxon Gordon,Skipper,25
1041,-0.589627763631637,Yunwen Xu,Skipper,27
902,-0.589838731884345,Johnny Leadingham,Skipper,26
5,-0.591475642061003,Aidan Boylan,Skipper,24
627,-0.595926222475235,Peter Hall,Skipper,24
1195,-0.596716475672362,Leif Hauge,Skipper,28
509,-0.597135537973739,Michael Kirkman,Skipper,25
694,-0.598754594995548,Melissa Janes,Skipper,26
585,-0.601655252798909,Wyatt Bischoff,Skipper,27
995,-0.615213483818711,Kate Feiner,Skipper,26
365,-0.622225392823446,Kevin McGann,Skipper,25
761,-0.632014622042447,Edward Herman,Skipper,28
753,-0.644169730698665,Nicholas Skarbek-Borowski,Skipper,27
97,-0.668155417497496,William Procter,Skipper,24
768,-0.672333940459264,Annabel Woodworth,Skipper,28
49,-0.674524360820317,Maddison Carew,Skipper,27
817,-0.678320313784947,Griffin Stolp,Skipper,27
896,-0.684827466958036,Joy Kim,Skipper,25
887,-0.702607994755865,Madeleine Jarbeau,Skipper,28
836,-0.70326780024473,Blake March,Skipper,27
126,-0.703958793646028,Lina Carper,Skipper,27
919,-0.705802532602092,Lance Shrum,Skipper,28
892,-0.70960185634295,Callie Davis,Skipper,28
1144,-0.714279097625413,Eva DeCastro,Skipper,28
459,-0.719784852682101,Ellie McFall,Skipper,24
449,-0.724594369894906,Charles Maier,Skipper,26
1053,-0.724969774554969,Essie Clifton,Skipper,25
889,-0.72589095912174,Adra Ivancich,Skipper,26
377,-0.731969165020466,Peter Lobaugh,Skipper,24
1047,-0.735450898822163,Matthew Chen,Skipper,27
771,-0.739776907674662,Ethan Burt,Skipper,26
386,-0.743114848497652,Jedidiah Bechtel,Skipper,26
996,-0.745126122167669,Adam Pickhardt,Skipper,27
764,-0.747964668409508,Emilia Perriera,Skipper,28
1043,-0.7537291006526,Joseph Gedraitis,Skipper,27
614,-0.754313190973182,Everett Nash,Skipper,24
715,-0.769192867587225,Brooke Lorson,Skipper,27
381,-0.772577721337245,Charlie Anderson,Skipper,25
166,-0.783222053446733,Julian Drake,Skipper,25
923,-0.794021791148943,Julia Marich,Skipper,28
51,-0.799904270885786,Charles Mckenzie,Skipper,25
881,-0.802071433662055,Neil Bunce,Skipper,25
926,-0.803315451115461,Evangeline Barras,Skipper,28
765,-0.811173535653733,Joey Richardson,Skipper,28
241,-0.813672485001509,William Wiegand,Skipper,25
857,-0.820001707503406,rebecca power,Skipper,27
844,-0.823579386609185,Nathan Hjort,Skipper,27
947,-0.827506098890271,Josh Elliott,Skipper,29
390,-0.828172688303625,Jacob Zils,Skipper,27
17,-0.829431335979183,Nathan Briar,Skipper,26
714,-0.829652596568588,Raam Fox,Skipper,26
723,-0.833811199316939,Scott Opert,Skipper,28
805,-0.840492393327768,Greta Shuster,Skipper,25
240,-0.842574152567876,Michelangelo Vecchio,Skipper,27
706,-0.843612910857287,Zander King,Skipper,25
167,-0.845011002743338,Tanner Cummings,Skipper,24
758,-0.845321632328696,John Mason,Skipper,28
909,-0.845673249123211,Cheyenne Fair,Skipper,25
66,-0.858024846002725,Annika Milstien,Skipper,25
257,-0.862211656207648,Jenna Kozal,Skipper,24
1023,-0.862792118746235,Omar Ahmed,Skipper,16
455,-0.86380468228684,Anna Groszkowski,Skipper,26
451,-0.86791624843306,Jordan Bruce,Skipper,24
997,-0.870451459005551,Eric Brieden,Skipper,28
607,-0.871303130301794,Rem Johannknecht,Skipper,26
289,-0.874482375752401,Danielle Bogacheva,Skipper,27
444,-0.876635320082706,Michael Hanrahan,Skipper,24
720,-0.877405123018099,Max Kleha,Skipper,25
757,-0.877961719128962,Jancy Grayson,Skipper,28
363,-0.881644373730757,Ryan Tuttle,Skipper,27
301,-0.894676115682085,John Sullivan,Skipper,26
883,-0.894876494682667,Olivia Soucy,Skipper,28
608,-0.900621406565599,Rufus Fender-Reid,Skipper,27
929,-0.926817419966359,Kyle Morrison,Skipper,28
814,-0.939271191899101,John O'Connell,Skipper,28
136,-0.9392996919606,Ella May Corckran,Skipper,26
243,-0.943376068792463,Adrian Winkelman,Skipper,25
951,-0.94355315616992,Finn Halstead,Skipper,28
925,-0.946501619779172,Lukas Walker,Skipper,26
840,-0.946809715160085,Stefanos Pappas,Skipper,25
191,-0.950722057890572,Andrew Beute,Skipper,27
445,-0.95363099490133,Ava Hurwitz,Skipper,27
457,-0.957819690426802,Nora Ciak,Skipper,27
108,-0.962197927753237,Piper Holthus,Skipper,25
1065,-0.963879048810788,Miles Laker,Skipper,27
632,-0.967607755585306,Sammy Farkas,Skipper,27
292,-0.974778785873575,Wyatt Tait,Skipper,27
897,-0.980356216503054,Courtland Doyle,Skipper,27
293,-0.981979283987354,Emily Williams,Skipper,25
637,-0.986710709245911,Sadie Creemer,Skipper,25
726,-0.987365445608267,Emma Retzlaff,Skipper,25
98,-0.988613947992091,Harry Stevenson,Skipper,24
1122,-0.993322125578139,Hongzhen Chen,Skipper,26
613,-0.999140888820706,Clark Morris,Skipper,26
1113,-1.00074324112604,Micaela Jorcino,Skipper,28
812,-1.00315563200861,Sean Lund,Skipper,26
873,-1.01274354922211,Vivian Smith,Skipper,27
949,-1.04387642843986,Elizabeth Price,Skipper,25
232,-1.06235823209844,Isabelle Gautier,Skipper,26
387,-1.07073781372669,Joshua Dillon,Skipper,25
852,-1.07956250784671,Tiernan O'Kane,Skipper,26
102,-1.09166559839298,Rohan Shah,Skipper,27
630,-1.09258552361685,Erin Pamplin,Skipper,24
115,-1.0982064910152,Elizabeth Cutler,Skipper,24
462,-1.10839925330306,Payne Donaldson,Skipper,24
885,-1.11304858329537,Claire Poremba,Skipper,27
679,-1.12816277110813,Kerstin Hyer,Skipper,25
1111,-1.13463964135793,Aston Smith,Skipper,28
1039,-1.14085464435911,Ian Peterson,Skipper,28
446,-1.14406642291144,Michael Cunniff,Skipper,26
930,-1.14516602134238,Reagan Bottomley,Skipper,26
900,-1.14727557998461,Mikaela Williams,Skipper,27
1045,-1.15054997800047,Max Teo,Skipper,28
998,-1.15226507367319,Alex Strassberg Alonso,Skipper,28
766,-1.16027166416832,Caelan Haddock,Skipper,25
1085,-1.17324855825161,Jackson McKinley,Skipper,26
1036,-1.17564302587937,Alec Purrington,Skipper,28
609,-1.18435843448684,Jackson McAliley,Skipper,27
1089,-1.19230853431416,Carsten Zieger,Skipper,28
851,-1.19795801406771,Buck Rathbun,Skipper,28
707,-1.20152291869845,Matt Budington,Skipper,25
303,-1.20202608587516,Edmund Redman,Skipper,26
816,-1.20256867496301,Carter Anderson,Skipper,27
752,-1.2028098037945,Holden Haenel,Skipper,28
911,-1.21376598995354,Silas Hodges,Skipper,27
705,-1.21664820594451,Dana Aljasir,Skipper,27
819,-1.21821847346029,Georgia Green,Skipper,28
302,-1.22683192092399,Mason Shaw,Skipper,26
165,-1.2300170550124,Zach O'connor,Skipper,27
511,-1.24146406297408,Carlos de Castro,Skipper,26
21,-1.24218275450681,Philip Yang,Skipper,26
287,-1.2424468461056,Julia Shannon-Grillo,Skipper,24
114,-1.24440052474896,Elizabeth Gildea,Skipper,24
1105,-1.26030751171848,Sebastian Helgesen,Skipper,27
116,-1.26489833931629,Grace Watlington,Skipper,26
3,-1.26634409617295,Jan Matteo Bassi,Skipper,27
841,-1.2700135694074,Jordan Vieira,Skipper,28
853,-1.27968003362245,Harry Boutemy,Skipper,24
26,-1.28370654965585,KA Hamner,Skipper,26
835,-1.28888573070792,Pj Rodrigues,Skipper,28
738,-1.29719839757486,Kiana Beachy,Skipper,28
450,-1.30957021490122,Devon Valenta,Skipper,26
631,-1.31159702142701,Lucien Freemesser,Skipper,27
1030,-1.31991066394966,Benjamin Wilkinson,Skipper,26
389,-1.3327980090854,Nathan Jensen,Skipper,27
1066,-1.3437782574515,Weronika Wozny,Skipper,27
247,-1.34380172684255,Nathan Selian,Skipper,25
272,-1.34511290724415,Connor Chung,Skipper,26
730,-1.34545679333967,Emily Mueller,Skipper,25
447,-1.34674704259467,Morgan Melo,Skipper,27
253,-1.35351504757531,Odey Hariri,Skipper,24
775,-1.35352130613086,Julian Dahiya,Skipper,28
133,-1.35657058938632,Katherine Simcoe,Skipper,26
1032,-1.36204208883338,Jack Cady,Skipper,25
821,-1.36214136075559,Grace Kokkotos,Skipper,27
1208,-1.36615240689597,Julia Oglevie,Skipper,26
33,-1.36668262709737,Niah Ford,Skipper,26
1035,-1.37341332349835,Ryan Begin,Skipper,27
231,-1.37736575945288,Evelyn Walsh,Skipper,26
239,-1.38565681711338,Tiare Sierra,Skipper,25
724,-1.38569110539629,Noah Hubbard,Skipper,26
826,-1.39013424146552,James Nave,Skipper,27
96,-1.39296790613482,Timothy Cronin,Skipper,27
700,-1.39664382641953,Thomas Sitzmann,Skipper,27
950,-1.39790180358094,Ethan Menand,Skipper,27
744,-1.40295104321116,William Adams,Skipper,27
392,-1.40321009978512,Milo Miller,Skipper,27
818,-1.40348995231858,Andrew Blagden,Skipper,28
618,-1.41153269648966,John Majernik,Skipper,25
395,-1.41161066818379,Emil Body-Goldberg,Skipper,27
1190,-1.41570113643518,Rohit Rajan,Skipper,26
616,-1.41619750051743,Duncan Craine,Skipper,26
837,-1.42619271641872,Mason Howell,Skipper,28
1016,-1.43005467942317,Kevin Young,Skipper,28
858,-1.43340684720083,Grant Schmidt,Skipper,28
1094,-1.43716079898548,Peter Foley,Skipper,26
992,-1.43786613375189,Malia Johnson,Skipper,25
788,-1.43940467854779,John Eastman,Skipper,25
666,-1.44814453250849,Adelaide Straub,Skipper,24
774,-1.4482230998324,Jane Matthews,Skipper,26
796,-1.45888461797593,Emery Diemar,Skipper,28
262,-1.46788419224675,Rachel Bartel,Skipper,24
1181,-1.47569291418943,Nathanael Green,Skipper,28
778,-1.47695125194286,Jack Roman,Skipper,26
380,-1.47704009806875,Spencer Barnes,Skipper,24
39,-1.47893915102044,Isabella du Plessis,Skipper,24
44,-1.48547924593035,Patrick Parker,Skipper,25
461,-1.49865422205312,Enzo Menditto,Skipper,26
685,-1.49916682286648,Genevieve Mumma,Skipper,24
458,-1.50275031800454,Rayne Duff,Skipper,25
227,-1.5038655295627,Gianna Dewey,Skipper,27
473,-1.50676787291199,Cordelia Burn,Skipper,25
808,-1.50758452831007,Zoe Grant,Skipper,25
946,-1.51134844869838,Defne Melikoglu,Skipper,27
270,-1.51810409456031,Gavin Dempsey,Skipper,26
448,-1.51901085613403,Clare Rados,Skipper,27
193,-1.5234873864222,Drew Lyman,Skipper,27
264,-1.53213684116115,Mary Castellini,Skipper,25
606,-1.54270592437056,Colin Sueyoshi,Skipper,26
396,-1.55357765289705,Boris Bialer,Skipper,26
499,-1.55415150676856,Wilton Lawton,Skipper,26
22,-1.55441800125686,Nate Ingebritson,Skipper,25
933,-1.55456498574772,Ryan Curtis,Skipper,26
718,-1.55642552994865,Jeffrey Petersen,Skipper,25
1106,-1.56132603505984,Earl Tyler,Skipper,26
773,-1.56135675173039,Benjamin Ely,Skipper,28
1155,-1.5711933993472,Robert Chase,Skipper,26
1019,-1.5799197989126,Rori Bywater,Skipper,25
629,-1.5807445123582,Elliot Nopp,Skipper,25
100,-1.58584653045837,Jake Lacoche,Skipper,26
1125,-1.58750433115067,Liam Marney,Skipper,28
15,-1.59069752653846,Sean Kenealy,Skipper,25
948,-1.5933490558981,Bryce Nill,Skipper,26
798,-1.60106823105099,Jack Flores,Skipper,25
655,-1.60607202741146,Kaitlyn Liebel,Skipper,26
244,-1.61877640861925,James O’Gwen,Skipper,27
128,-1.61956692814926,Emma Friedauer,Skipper,26
271,-1.62694377125936,Hayden Flaskerud,Skipper,24
246,-1.62710663350805,Max Sigel,Skipper,26
745,-1.62876671435701,Jim Wang,Skipper,27
320,-1.63144030486662,Patrick Cashin,Skipper,24
474,-1.63172185702287,Taylor Eastman,Skipper,24
493,-1.63202081311563,Reade Decker,Skipper,27
261,-1.63391439435625,Joseph Thuente,Skipper,24
871,-1.63549541970824,Eric Pohl,Skipper,28
1086,-1.63648977447406,Mitchell Powers,Skipper,25
112,-1.63666955980007,Avery Canavan,Skipper,25
824,-1.64254091700024,Charlie Bergendahl,Skipper,28
659,-1.64319588257056,Michelle Lahrkamp,Skipper,23
1070,-1.65121846430123,Sean Bascoe,Skipper,27
242,-1.65158995138885,Ted Lutton,Skipper,24
891,-1.65344650422896,Emily Alfortish,Skipper,25
1117,-1.65796798264822,Sophia Cerretti,Skipper,28
471,-1.65957895514522,Gail Schneider,Skipper,25
876,-1.6636340314149,Nigel Yu,Skipper,27
1124,-1.67653952606194,Noa Brassfield,Skipper,25
928,-1.67942948560421,Amelia Mignone,Skipper,25
50,-1.68202738283099,Benjamin Usher,Skipper,27
1127,-1.68442683163636,Nikolas Krause,Skipper,28
1112,-1.69929109379507,Aidan Ramblas,Skipper,24
297,-1.70071931479896,Caden Meyers,Skipper,27
1126,-1.71165060725422,Brooke Hopwood,Skipper,28
1068,-1.71402702053688,Charles Crowell,Skipper,28
304,-1.71512410967798,Alexandra Avery,Skipper,26
722,-1.71984179648969,Ian Kissel,Skipper,27
124,-1.72442991821532,Emma Tallman,Skipper,25
719,-1.72675554432651,Marina Conde,Skipper,28
397,-1.72926942852163,Jennifer Falkner,Skipper,24
665,-1.73711765484804,Libby Redmond,Skipper,24
787,-1.74637041897676,Cam Spriggs,Skipper,27
294,-1.75038796584759,Domenico Sacchetti,Skipper,27
1123,-1.75899646307885,Dante Drolet,Skipper,26
634,-1.75914786785083,Anna Kovacs,Skipper,25
54,-1.7620291116683,Nilah Miller,Skipper,25
250,-1.76421361374266,Joseph Gallagher,Skipper,24
1158,-1.768086722902,Marco Constantini,Skipper,27
394,-1.76859499250797,Maddy Saffer,Skipper,24
280,-1.77381943128971,Benjamin Dufour,Skipper,26
696,-1.77414205159531,Kelly Holthus,Skipper,27
913,-1.77749766455832,Mia Graziano,Skipper,27
480,-1.77929187045886,Kytalin Hendrickson,Skipper,26
269,-1.78291525827336,Nina Gonzalez,Skipper,27
469,-1.79244044722168,Asianna Acosta,Skipper,26
37,-1.79409373039644,Hank Seum,Skipper,27
861,-1.79661632013158,Cecilia Muller,Skipper,25
1118,-1.80363881665773,Paul Munsell,Skipper,27
740,-1.80693018172062,Luisa Louchheim,Skipper,25
1052,-1.80955941354579,Matheo Graham-capasso,Skipper,26
295,-1.81544156951738,Jack Rutherford,Skipper,25
68,-1.81634331804583,Antonio Priskich,Skipper,27
157,-1.81653768084727,Fiona Froelich,Skipper,28
156,-1.81683351347856,Zi Burns,Skipper,26
465,-1.82010112629671,Ben Hosford,Skipper,25
290,-1.82275935649169,Morgan Contrino,Skipper,24
34,-1.82573941557563,Timothy Dolan,Skipper,25
890,-1.82662944809555,Emily Doble,Skipper,28
635,-1.82839543354943,Anna Morrow,Skipper,24
769,-1.83021859194907,Blake Behrens,Skipper,27
251,-1.83288428437482,Jake Weinstein,Skipper,27
993,-1.83561447158184,Ava Cornell,Skipper,28
638,-1.83749884267425,Nisha Kimber,Skipper,24
263,-1.84173686487966,Grace Bray,Skipper,27
228,-1.84244142274196,Kelly Bates,Skipper,26
580,-1.84481245863853,Katherine McNamara,Skipper,26
1020,-1.85263676898119,Luke Justin,Skipper,25
1000,-1.85780986712788,Cecilia Dietsch,Skipper,26
467,-1.86613409199161,Rebecca Runyan,Skipper,25
486,-1.86675766101307,Sarah Young,Skipper,25
541,-1.86750257368587,Cecilia Bohan,Skipper,24
104,-1.86936048234942,Ryan Tedeschi,Skipper,28
99,-1.87121693345632,Max Boni,Skipper,28
110,-1.87194535291953,Ava Anderson,Skipper,27
1159,-1.87342366885431,George Prokop,Skipper,28
468,-1.88308362332439,Tyler Mendes,Skipper,25
1210,-1.88610617665242,Bennett Alger,Skipper,28
48,-1.89938956450482,Ander Alonso,Skipper,27
1092,-1.9038658884307,Sienna Stromberg,Skipper,25
822,-1.9176378537879,Jonnie Ciffolillo,Skipper,27
1138,-1.91886372542754,Ethan Deutsch,Skipper,25
1116,-1.92011576165222,Marley Daniel,Skipper,27
962,-1.92122098151332,Suhas Medidi,Skipper,26
409,-1.92362492817069,Julia Janssen,Skipper,25
1044,-1.92585762538242,Ellie Menezes,Skipper,28
810,-1.92608623740892,Elliott Mendenhall,Skipper,25
628,-1.92771475424264,Brianne Abbott-Rogge,Skipper,25
479,-1.93466691518563,Emily Bornarth,Skipper,24
615,-1.94020479294168,Brooks Turcotte,Skipper,26
500,-1.95179928903024,Maxwell Miller,Skipper,25
1197,-1.95278328355385,Spencer Patten,Skipper,27
113,-1.95432262980255,Cho-Cho Williams,Skipper,26
371,-1.95574686496223,Cassius Tossavainen,Skipper,26
1184,-1.96117472515292,Joe Slipper,Skipper,28
259,-1.96322640512904,Carly Irwin,Skipper,25
56,-1.96639899149203,Garrett Cook,Skipper,24
1121,-1.97056425722909,Juan Alcala,Skipper,26
657,-1.97684902972003,Agija Elerte,Skipper,26
859,-1.98045339438047,bella casaretto,Skipper,26
236,-1.98976844364373,Olin Guck,Skipper,26
391,-1.99076045518208,Gavin Sanborn,Skipper,25
717,-1.9931466239225,Brian Zagalsky,Skipper,25
225,-2.00900827377767,Kennedy Jones,Skipper,24
268,-2.01580869623245,Garrett Szlachta,Skipper,25
487,-2.01798768019203,Lauren Russler,Skipper,26
483,-2.02631238984166,Michaela O'Brien,Skipper,24
367,-2.02850593277406,Gabi Feleciano,Skipper,27
11,-2.03029954103168,Hudson Mayfield,Skipper,27
1093,-2.03050912815449,Seraphee de Labaca,Skipper,26
506,-2.03228434428228,Connor Nelson,Skipper,24
399,-2.03556179278618,Daniel de la Vega III,Skipper,25
149,-2.03933474323251,Lilly Saffer,Skipper,27
807,-2.04276772193211,Leah O'Sullivan Rickard,Skipper,25
504,-2.04698071116034,Lachlain McGranahan,Skipper,24
226,-2.0471258133159,Sophia Devling,Skipper,26
152,-2.04723763888643,Pierre Offredi,Skipper,26
18,-2.04748264540694,Alexander Ng,Skipper,26
1038,-2.05230819772686,Ryan Petrush,Skipper,27
1088,-2.0553900329835,Maximilian Conze,Skipper,28
36,-2.05590197969275,Jordan Byrd,Skipper,24
1148,-2.05740059586504,Sophia Mulvania,Skipper,26
725,-2.06144800681202,Henry Myrick,Skipper,26
76,-2.06458077084889,Daniel van Heeckeren,Skipper,26
809,-2.06983361591822,Benjamin Stevens,Skipper,25
1114,-2.07371602568987,Bianca Weber,Skipper,26
45,-2.07445524401211,Ayden Feria,Skipper,27
298,-2.07657867794185,Avie Krauss,Skipper,24
475,-2.07854769286132,Carmen Cowles,Skipper,25
1132,-2.08050228177263,Beatriz Newland,Skipper,27
254,-2.0857083038306,Nick Myneni,Skipper,26
1031,-2.09324940006455,James Knowlton,Skipper,25
208,-2.10290587971855,Trey Summers,Skipper,24
636,-2.10479142679399,Kieran Lyons,Skipper,26
135,-2.10591052953274,Lizzie Cochran,Skipper,27
245,-2.10890248700896,Sidney Moyer,Skipper,27
364,-2.11255048092246,Audrey Lillie,Skipper,26
260,-2.11531987807413,Andrew Michels,Skipper,25
1091,-2.12519719998517,Ava Bergan,Skipper,27
453,-2.13733805883268,Everett Botwinick,Skipper,26
276,-2.14484688568311,Matthew King,Skipper,24
1107,-2.15106139235488,William Robertson,Skipper,25
40,-2.15121474142577,Hilton Kamps,Skipper,25
484,-2.15404510084427,Zoey Ziskind,Skipper,27
729,-2.15828966043426,Dorothy Mendelblatt,Skipper,28
855,-2.16219422706012,Brayden Benesch,Skipper,28
47,-2.1633715525073,Edward Lucas Brady,Skipper,27
1149,-2.1684395063693,Andrew McCarthy,Skipper,28
1145,-2.17964516276998,Kristen McDonough,Skipper,25
772,-2.18073656992428,Bryce Vitiello,Skipper,27
548,-2.18313703855636,William Hurd,Skipper,27
660,-2.18439146082379,Samantha Gardner,Skipper,27
274,-2.18861607262693,Elaina Kobal,Skipper,24
1042,-2.18962634669678,Genevieve Lau,Skipper,25
266,-2.1945760643455,Bryce Lesinski,Skipper,27
212,-2.20015708383114,Jaden Unruh,Skipper,26
1109,-2.20154348742876,Marc Hauenstein,Skipper,27
963,-2.20593745625127,Mason Mattice,Skipper,28
153,-2.2256633542707,Nolan Wiggins,Skipper,27
197,-2.22709645845206,Gavin Hirz,Skipper,26
1157,-2.22805780726019,Alex Day,Skipper,24
672,-2.2294292446472,Gray Hemans,Skipper,25
306,-2.23213019725701,Jacob Hsia,Skipper,26
321,-2.2361459460739,Austin Latimer,Skipper,27
330,-2.23646474236092,Berkley Yiu,Skipper,25
546,-2.23836776821096,Luke Hosek,Skipper,24
267,-2.24423134775359,Max Zhalilo,Skipper,26
1027,-2.24725529345312,Peter Taboada,Skipper,25
845,-2.25466717243829,Kaan Akdogan,Skipper,24
1170,-2.25682241151119,Claire DeVoogd,Skipper,26
927,-2.25855358781941,Claudia Severson,Skipper,25
1007,-2.28055456234911,Reed Rossell,Skipper,25
1160,-2.28605126802326,Kassidy Kennedy,Skipper,26
192,-2.2900476212843,John Manning,Skipper,24
823,-2.29234812309149,William Wheary,Skipper,28
198,-2.29889271332416,Mary d’Arcy,Skipper,25
617,-2.30166733095198,Gus Macaulay,Skipper,27
1164,-2.30386125264008,Joseph Mowrey,Skipper,25
1156,-2.30478058053329,Quinn Healey,Skipper,27
398,-2.30969050540896,Monika Torkos,Skipper,27
258,-2.31979690708974,Greg Bittle,Skipper,25
755,-2.32082513702435,David Vinogradov,Skipper,28
751,-2.33009077964901,Kay Lyon,Skipper,27
211,-2.33059952791821,Nathan Gerber,Skipper,26
255,-2.34081455672744,Nithya Balachander,Skipper,25
781,-2.34749907616753,Jack Crager,Skipper,27
915,-2.35368741804144,Benjamin Koly,Skipper,26
785,-2.35724831150568,Christopher Chwalk,Skipper,28
352,-2.36022554697346,Advik Eswaran,Skipper,27
481,-2.36215994654269,Charlotte Costikyan,Skipper,24
756,-2.36692555406338,Meara Conley,Skipper,28
686,-2.36714760013415,Oscar MacGillivray,Skipper,24
129,-2.37669101542418,Haley Andreasen,Skipper,25
612,-2.37714377691133,Peter McGonagle,Skipper,25
1078,-2.37887936257939,Ella Sligh,Skipper,28
708,-2.38165152075188,Beckett Kumler,Skipper,24
248,-2.38816232039265,Shea McGrath,Skipper,27
529,-2.39268966099179,Sam Bonauto,Skipper,25
953,-2.3954083328505,Rylie Cataldo,Skipper,27
283,-2.39581663480965,Kalea Woodard,Skipper,24
1209,-2.39667791868258,Jack Kisling,Skipper,25
10,-2.39809424994348,Annika Altman,Skipper,26
400,-2.39888152458186,River Servia,Skipper,27
201,-2.39893658971005,Juan Casal,Skipper,27
671,-2.40489323804588,Sarah Moeder,Skipper,26
1140,-2.40837051796693,Helen Coughlin,Skipper,28
1166,-2.40853835490926,Griffin Boothby,Skipper,25
1075,-2.41833893578438,Ryan Dodge,Skipper,26
531,-2.41959110710951,Peter Joslin,Skipper,26
490,-2.42105049774345,Tavia Smith,Skipper,27
488,-2.42210266901351,Katie Coughlin,Skipper,24
182,-2.42280850067705,Ted Sherman,Skipper,27
656,-2.43547095365299,Emma Shakespeare,Skipper,24
974,-2.43723749761819,Theresa Straw,Skipper,28
1108,-2.43795089369369,Pablo Ginorio,Skipper,27
1024,-2.43814288846513,Savannah Monnig,Skipper,27
952,-2.44075662537789,Joe Seiffert,Skipper,25
144,-2.44713060108677,Mikhail Lavrenov,Skipper,26
345,-2.45244836015515,Ashley Franklin,Skipper,27
937,-2.47073702976236,Michael Stewart,Skipper,25
273,-2.47273239816442,John Riordan,Skipper,26
351,-2.47424090424631,Reed McAllister,Skipper,27
194,-2.47891328147134,Sophie Fisher,Skipper,26
1146,-2.48384147619542,Calvin Schmid,Skipper,26
689,-2.4872739993768,Jack Cariaso,Skipper,25
505,-2.48852594025614,Jack Egan,Skipper,25
482,-2.49060352084324,Katharine Doble,Skipper,26
160,-2.49438758335694,Kallista Halatsis,Skipper,27
411,-2.49544441546029,Reid Kwiatkowski,Skipper,26
1191,-2.49786198830023,Mark Carella,Skipper,27
235,-2.50310200275793,Megan Geith,Skipper,24
797,-2.51276461102021,Cameron Silvers,Skipper,27
233,-2.51677975907054,Laurel Krause,Skipper,24
84,-2.52062598978899,Cameron Frary,Skipper,24
195,-2.52179305176715,Eric Anderson,Skipper,26
1139,-2.5221699246489,Barrett Lhamon,Skipper,26
741,-2.52299079723496,Johnny Perkins,Skipper,25
955,-2.53295824658602,Nate Bonham,Skipper,28
779,-2.53692374176643,Caroline Odell,Skipper,27
291,-2.54132390432247,Nadia Reynolds,Skipper,25
854,-2.54753708759966,David Rush,Skipper,28
1119,-2.5528846098308,Viola Frank,Skipper,26
1169,-2.55430977716515,Alex Schlotterer,Skipper,25
38,-2.55470397169315,Lily Schwartz,Skipper,25
118,-2.55498989680246,Samantha Jensen,Skipper,24
1063,-2.55863823566496,Gabrielle Ahitow,Skipper,28
743,-2.56416286969816,Lyla Solway,Skipper,28
155,-2.5644401226089,Matthew Straub,Skipper,27
1025,-2.56723511248768,Mary Elliot,Skipper,25
983,-2.5752222792191,Matthew Diaz,Skipper,29
348,-2.58449162950329,Ralph Molinari,Skipper,24
210,-2.59257025546263,Brandon Stadtherr,Skipper,24
299,-2.59332175197028,Graham Parsons,Skipper,27
103,-2.59633824457598,Lucas Wiatrowski,Skipper,27
423,-2.59705627591442,Eric Johnson,Skipper,27
432,-2.60249827276091,Hayden Graff,Skipper,27
1050,-2.60959707541255,Braden Vogel,Skipper,27
119,-2.60999546080226,Allison Volk,Skipper,25
275,-2.61155496918028,Noah Zittrer,Skipper,26
203,-2.61430103895364,Tegan Smith,Skipper,24
670,-2.62088312045785,Mia Hanes,Skipper,24
1147,-2.6315078462748,Ava Gustafson,Skipper,28
856,-2.63316568169598,Alex Lech,Skipper,28
1165,-2.63388071827593,Nathan Sylvester,Skipper,25
495,-2.63473997749506,Max Case,Skipper,24
938,-2.64568779092537,Joseph Murphy,Skipper,28
1120,-2.65162890918952,Morgan Headington,Skipper,28
343,-2.66053788753897,Rose von Eckartsberg,Skipper,25
1090,-2.67923777428488,Colin Thompson,Skipper,25
680,-2.68079115961283,Thomas Hall,Skipper,25
972,-2.68422800426073,Grant Smith,Skipper,28
199,-2.68662190204983,Samuel Groom,Skipper,24
1076,-2.68901987926708,Sunny Sun,Skipper,28
249,-2.68917169816274,Joe Serpa,Skipper,24
202,-2.68959222504149,Riley Benjaminson,Skipper,26
401,-2.69254370098937,Maggie Lennon,Skipper,26
28,-2.72625165594922,Julia Scott,Skipper,27
591,-2.73069176765345,Adam Strobridge,Skipper,26
736,-2.7452737704692,Sophie Brett,Skipper,25
503,-2.75662657553105,Shay Wood,Skipper,27
507,-2.76402385880072,Kerem Erkmen,Skipper,25
433,-2.76448060916718,Oliver Hurwitz,Skipper,25
661,-2.76456415119417,Maddie Hawkins,Skipper,24
9,-2.76471997980599,William Bailly,Skipper,26
425,-2.76646229776122,Aston Atherton,Skipper,26
592,-2.76783942472398,Ethan Simpson,Skipper,27
382,-2.76803041726332,Ryan Potter,Skipper,24
1176,-2.76837590923686,Billy Vogel,Skipper,25
278,-2.7706988479262,Andrew Lam,Skipper,26
1212,-2.77311970832687,Pike Williams,Skipper,28
452,-2.7810767020945,Mariner Fagan,Skipper,24
989,-2.78234585555781,Martha Schuessler,Skipper,27
206,-2.79427449593013,Maya Outhred,Skipper,24
934,-2.80597718785553,Sam Windsor,Skipper,25
581,-2.80610332979036,Peter Barnard,Skipper,27
1010,-2.81116044933448,Abbi Barnette,Skipper,26
673,-2.82378476258121,Holliss Hirsch,Skipper,25
105,-2.83447684052161,Juan Carrau Carrero,Skipper,25
678,-2.83975738679477,Sean Harris,Skipper,25
324,-2.84846368396728,Julia Gordon,Skipper,27
681,-2.85886102295492,Nicholas Reeser,Skipper,25
463,-2.85919996573375,Benjamin Honig,Skipper,26
622,-2.86393755630596,Oliver Nairn,Skipper,27
109,-2.87073381141608,Eva Ermlich,Skipper,26
8,-2.87559600524896,Ethan Lisle,Skipper,25
682,-2.8759852828146,Ashley Highland,Skipper,27
866,-2.87794235036689,Alex Anderson,Skipper,26
354,-2.88191356405038,James Mercer,Skipper,27
146,-2.88499500278834,Izzy Wu-Karr,Skipper,26
69,-2.88774215625949,Jack Houseal,Skipper,27
89,-2.88897204926851,Maria Skouloudi,Skipper,27
728,-2.90325277762262,Harrison Rohne,Skipper,26
117,-2.90568893278912,Luciana Solorzano,Skipper,24
815,-2.90790215041047,Riley Donahue,Skipper,28
1009,-2.91083295460527,Griffin Beaulieu,Skipper,27
501,-2.91126740246484,Everett McAvoy,Skipper,26
147,-2.91289040705541,Talia Trigg,Skipper,26
75,-2.91313109324919,James Jagielski,Skipper,25
131,-2.91337555104173,Morgan Rice,Skipper,25
860,-2.91827268843097,Ella Beauregard,Skipper,25
478,-2.92040894337841,Kyra Phelan,Skipper,26
960,-2.92269231913687,Parker Thran,Skipper,28
213,-2.92620860779105,Sadie Hoberman,Skipper,25
121,-2.9394795050795,Ella Hubbard,Skipper,26
691,-2.94393648405006,Thad Lettsome,Skipper,24
1069,-2.94886698378827,Andrea Casagrande Caron,Skipper,28
1002,-2.9533192139702,Caden Harrison,Skipper,28
733,-2.96674954282926,Clara Díaz Suárez,Skipper,28
489,-2.97448902181273,Julia Conneely,Skipper,26
584,-2.97660059292465,Drew Mastovsky,Skipper,26
344,-2.98058375515752,Julia Priebke,Skipper,25
588,-2.98252830620886,Jacqueline Ruggieri,Skipper,27
120,-2.98408644485852,Lane Kaeyer,Skipper,27
23,-2.98802420882362,Cole Schweda,Skipper,27
307,-2.99055356525186,Tiegan Witte,Skipper,24
964,-2.99310912881767,Daniel Borras-Quintero,Skipper,25
1136,-3.00195892706909,Elizabeth Frost,Skipper,27
593,-3.02258713625194,Adrien Bellanger,Skipper,25
688,-3.0297705081372,Hannah Bast,Skipper,25
1077,-3.03344965265695,Nok In Chan,Skipper,25
427,-3.04304092759702,Connor Lothrop,Skipper,24
134,-3.04377439246838,Laura Smith,Skipper,26
595,-3.04523133827742,Thomas Erickson,Skipper,24
207,-3.06343819110329,Ariana Gabier,Skipper,24
1110,-3.07134100342846,Oscar Lubliner,Skipper,27
935,-3.07137323081929,Natalie Rogers,Skipper,27
784,-3.07333873912229,Owen Grainger,Skipper,28
57,-3.07815991451178,Samantha Bialek,Skipper,24
543,-3.0782548812475,William Bailey,Skipper,24
64,-3.09642334448085,Ryan Froeb,Skipper,27
169,-3.0985569842551,Allen Gonzalez Barnes,Skipper,24
1133,-3.10135871459535,Milo Fleming,Skipper,28
780,-3.10508319581152,Tyler Lamm,Skipper,28
547,-3.11598639687503,Jakub Fuja,Skipper,27
43,-3.11945452615289,Natalie Aramendia,Skipper,25
177,-3.12931093536654,Emmalyn Holmquist,Skipper,26
825,-3.14020410584706,Jack Schultz,Skipper,27
1131,-3.14329720911789,Kayla Fireovid,Skipper,25
183,-3.14709262745403,Joseph Opferman,Skipper,27
865,-3.14819380795895,Jane Marvin,Skipper,28
519,-3.16223798467678,Liam O'Keefe,Skipper,26
224,-3.16427220685838,Eva Leggett,Skipper,24
619,-3.17415380109641,James Owen,Skipper,25
53,-3.19122463769757,"Francis ""Mac"" Humphrey",Skipper,26
234,-3.20329541660229,Sofia Segalla,Skipper,25
350,-3.20433028470816,Nora Beebe,Skipper,26
204,-3.2103109376715,Sterling Maggard,Skipper,27
230,-3.22367214688007,Eva Wieting,Skipper,26
223,-3.2317077882468,Carly Mraz,Skipper,25
42,-3.24984082426112,Zi Burns,Skipper,25
472,-3.25327921451312,Caroline Sibilly,Skipper,26
623,-3.25434377475807,Emily Avey,Skipper,25
1129,-3.25693708411469,Brent Penwarden,Skipper,24
265,-3.25710124475922,Justin Skene,Skipper,24
163,-3.2644586007091,Grayson Tella,Skipper,26
252,-3.27641298164905,Charlie Herrick,Skipper,26
786,-3.27722786795463,Jack Derry,Skipper,25
379,-3.27997075434946,Will Priebe,Skipper,24
27,-3.28565010635808,Adam Larson,Skipper,24
956,-3.29130682036304,Jakob Barski,Skipper,28
209,-3.29567907621413,Jack Baldwin,Skipper,26
282,-3.29797920923579,Andrew Tollefson,Skipper,26
589,-3.30562153318419,Matthew Cabot,Skipper,24
683,-3.31382488372768,Leyton Borcherding,Skipper,25
975,-3.31991485726256,Patricia Winssinger,Skipper,28
968,-3.32236603938052,Charles Gish,Skipper,28
412,-3.32405750914435,Zander West,Skipper,26
378,-3.34032745167441,Tyler Wood,Skipper,26
1167,-3.34041215576449,Alya MacManaway,Skipper,26
931,-3.34164822767094,Leo Schumwinger,Skipper,28
403,-3.35185806009725,Lawrence Busse,Skipper,26
402,-3.35371582402482,Keegan Aerts,Skipper,25
1034,-3.35828974752333,Toby Jennings,Skipper,28
1087,-3.36445752975803,Paulina Williams,Skipper,26
281,-3.36501590890787,Brady Parks,Skipper,25
300,-3.37127336434427,Kellyn Bucceri,Skipper,26
284,-3.37186484654823,Lucy Paskoff,Skipper,24
1072,-3.37209253021268,Caroline Henry,Skipper,27
820,-3.37217226715219,Aengus Onken,Skipper,28
125,-3.3753891597509,Lucy Spearman,Skipper,25
1207,-3.38686242341688,Elias West,Skipper,25
323,-3.38828669408987,Nicholas Lorenzen,Skipper,27
229,-3.39231310815124,Madeleine Rice,Skipper,24
1100,-3.3969638844655,Erin McDonagh,Skipper,28
158,-3.40630656341086,Dawson Kohl,Skipper,27
684,-3.4132281443582,Blake Goodwin,Skipper,27
494,-3.42003331304227,Benjamin Stone,Skipper,27
1128,-3.42500617366749,Ally Dana,Skipper,28
372,-3.42651624272296,Molly McLeod,Skipper,25
220,-3.42838758770891,Zoe Flemate,Skipper,25
957,-3.45052307549917,Darby Smith,Skipper,28
522,-3.45553665049367,Stephan Baker,Skipper,26
14,-3.45601076535129,Florence Duff,Skipper,25
1186,-3.45728627197599,Martha Hughes,Skipper,28
538,-3.45816030413389,Morgan Pinckney,Skipper,27
1187,-3.46091787254843,Ashley Hoguet,Skipper,26
77,-3.46800372239342,Walter Chiles,Skipper,26
1095,-3.48309263833168,Jack Hammett,Skipper,26
366,-3.48353632586282,Alexis Von Doersten,Skipper,27
564,-3.48677930841326,Ethan Danielson,Skipper,26
586,-3.48902363763262,Lauren Ehnot,Skipper,24
476,-3.49782747651886,Brielle Willoughby,Skipper,24
12,-3.51050897700329,Edward Ansart,Skipper,24
65,-3.51400642883667,Noah Jost,Skipper,27
145,-3.51583402177686,Harrison Nash,Skipper,27
1161,-3.51622599543174,Arden Carleton,Skipper,26
313,-3.54325088842648,Adam Bryan,Skipper,26
200,-3.55051643385906,Christopher Hopkins,Skipper,25
87,-3.56343954111369,ZIYUE ZHOU,Skipper,27
1185,-3.56574834712995,Reese Zebrowski,Skipper,26
168,-3.56646097416433,Emma Launsby,Skipper,25
355,-3.58347171819732,Sam Randall,Skipper,26
863,-3.5897194446595,Natalie Fear,Skipper,28
221,-3.59216788051015,Bridget Green,Skipper,25
776,-3.60188523664918,Gabby Collins,Skipper,28
662,-3.6020997227899,Mercy Tangredi,Skipper,25
460,-3.60816486920365,Madison Bashaw,Skipper,24
424,-3.61053023887159,Joshua Bendura,Skipper,26
170,-3.62245125053479,Nora VanDerMeid,Skipper,27
107,-3.6253614285573,J.J. Smith,Skipper,24
1008,-3.62950519602332,Glen Warren,Skipper,26
862,-3.63244794489819,Penelope Weekes,Skipper,25
596,-3.65568274633698,Cooper Smith,Skipper,27
966,-3.65707109994225,Adrien Barnes,Skipper,28
513,-3.65730054431462,Calvin Lamosse,Skipper,25
176,-3.66900207597967,Lucas Rodenroth,Skipper,27
477,-3.67349510743214,Lucy Meagher,Skipper,27
690,-3.68177180497406,Robert Bragg,Skipper,23
215,-3.68317026990392,Andrew Down,Skipper,27
67,-3.68800137707594,Matthew Laufer,Skipper,27
559,-3.68823800141194,Colleen O'Brien,Skipper,24
1198,-3.69087038529064,Alexander Turloff,Skipper,27
542,-3.69372748079158,Henry Lee,Skipper,24
314,-3.69386920001979,Valerio Palamara,Skipper,24
1115,-3.70579112001938,Phoebe Liermann,Skipper,27
512,-3.70810179000578,Daniel Unangst,Skipper,24
373,-3.71565427649214,Dylan Zink,Skipper,27
1177,-3.72072410054482,Alexander Sau Hang Ching,Skipper,28
868,-3.72091865583322,Viola Henry,Skipper,26
563,-3.72506188375499,Trevor Davis,Skipper,24
552,-3.72639113580622,Aidan Boni,Skipper,26
184,-3.74242345694117,Caleb Prugh,Skipper,26
485,-3.77498178144903,Ximena Escobar,Skipper,25
285,-3.77572734130418,Elizabeth Amelotte,Skipper,24
1004,-3.78287120149904,Joshua Hacker,Skipper,28
603,-3.80215875021023,Robin Potter,Skipper,25
90,-3.81360662955893,Greta Traver,Skipper,27
25,-3.81640342317796,Andreas Keswater,Skipper,24
122,-3.81743276144514,Emily Shioutakon,Skipper,26
61,-3.82412253803734,Jacob Usher,Skipper,25
164,-3.83360940253215,Ella Lansford,Skipper,27
965,-3.83596759826042,Jack Adderley,Skipper,28
308,-3.84429502961604,Mathis Destouches,Skipper,25
426,-3.8550541275488,Bryan Lawrence,Skipper,24
1071,-3.85660307769771,Phoebe Milhollin,Skipper,28
1101,-3.85787168882196,Carter Weatherilt,Skipper,28
1079,-3.87508847977989,Rakesh Dhiman,Skipper,26
172,-3.88296102273415,Timothy Hesse,Skipper,27
550,-3.89240212150554,Sean Morrison,Skipper,27
1211,-3.91261366230569,Mira Shupe,Skipper,26
558,-3.92024233493602,Mateo Di Blasi,Skipper,25
440,-3.932133802015,Miguel Sanchez Navarro,Skipper,27
322,-3.93569766618875,Gerrit Bittmann,Skipper,24
532,-3.93892195576491,Christian Cushman,Skipper,25
415,-3.94090436292476,John Woodward,Skipper,26
641,-3.94396562706544,Dalyan Yet,Skipper,26
639,-3.95218742847298,Stephanie Seto,Skipper,27
640,-3.95734644803173,Rob Mailley,Skipper,24
205,-4.00904934362768,Brett Stein,Skipper,24
219,-4.01401595349425,Catherine Arcaris,Skipper,26
218,-4.0201545798892,Cal Dunstan,Skipper,27
159,-4.02035664150506,Garrett Floerchinger,Skipper,26
827,-4.03661336647279,Sophia Browne,Skipper,25
417,-4.042176331941,Toby Sullivan,Skipper,24
746,-4.04283450515233,Ryan Brelage,Skipper,28
565,-4.04493040188945,Luke Zylinski,Skipper,26
598,-4.04990747278158,Nat Edmonds,Skipper,24
59,-4.05573658320374,Dylan Flack,Skipper,27
600,-4.05798392563825,Adrian Whitney,Skipper,26
954,-4.05886451194876,Shay Bridge,Skipper,28
566,-4.06090311277911,Olivia MILLER,Skipper,25
1137,-4.06135534278754,Julian van den Driessche,Skipper,25
150,-4.06548413279563,Tyler Meadows,Skipper,25
416,-4.06891397239688,Zachary Warren,Skipper,25
582,-4.06944798961623,Bradley Whiteway,Skipper,26
1168,-4.07097176502008,AUSTIN SJAARDA,Skipper,27
958,-4.08241055883303,Nicolas Benavides,Skipper,25
877,-4.10287772279299,Magdelaina Putnam,Skipper,25
521,-4.109953281574,Wade Anthony,Skipper,24
1153,-4.13054533877585,Phoebe Lee,Skipper,26
1171,-4.13614737320779,Adrien Blanc,Skipper,27
85,-4.13854957573875,Alden Coldreck,Skipper,25
237,-4.14142267518016,Ryan McGauley,Skipper,27
178,-4.15826287381812,Henrik Stjernfeldt,Skipper,27
999,-4.15948602118319,Silas Hokanson,Skipper,26
305,-4.16679621069381,Joey Skerbeck,Skipper,27
106,-4.16692058918362,Olivia Sowa,Skipper,24
46,-4.18169187914525,Jacob Nasser,Skipper,26
60,-4.18715641032444,Julia Brighton,Skipper,27
369,-4.1998373977791,Allison Sasaki,Skipper,24
535,-4.20398183474423,Olivia Lowthian,Skipper,25
942,-4.20764868075352,Margaret Arocho,Skipper,25
590,-4.20799471234601,Beck Lorsch,Skipper,25
514,-4.21929284489368,Ryan Mckinney,Skipper,24
24,-4.22328629635659,Owen Bannasch,Skipper,26
331,-4.22400309934482,Eddie O’Keefe,Skipper,25
222,-4.22866675909301,Torrey Chisari,Skipper,24
217,-4.23446008727126,Kurt Richards,Skipper,25
434,-4.23837560599525,Andrew White,Skipper,25
1154,-4.24423697786134,Autumn Horsey,Skipper,27
173,-4.24894405492544,Jack Homa,Skipper,27
1013,-4.25285208405397,Reese Blackwell,Skipper,28
1162,-4.25376486015483,Keegan Beyer,Skipper,28
534,-4.26083853002139,Porter Bell,Skipper,26
370,-4.26225667437994,Jack Beeson,Skipper,26
185,-4.26487778124025,Michael Mignogna,Skipper,27
174,-4.26718043034186,Brian Zettlemoyer,Skipper,27
878,-4.26778103448195,Caroline Keeffe-Jones,Skipper,26
1182,-4.27377074954209,Ryan Ehnot,Skipper,26
353,-4.2814579650678,William Roberts,Skipper,26
573,-4.29460994298863,Martins Atilla,Skipper,27
72,-4.29803677328043,Adam Larzelere,Skipper,25
811,-4.30355685928031,Charlotte West,Skipper,28
63,-4.31078686991066,Harrison Thomson,Skipper,26
384,-4.31714452925688,Ossian Kamal,Skipper,26
86,-4.33192348857021,Sonja Krajewski,Skipper,26
1080,-4.33581931120817,Lucas Hurtado,Skipper,28
533,-4.34911968349759,Charles Bresnahan,Skipper,24
277,-4.36567659959832,Katie Nelson,Skipper,24
111,-4.36626613142009,Grace Squires,Skipper,24
1001,-4.37790670548354,Rachel Ward,Skipper,27
88,-4.38037057886618,Jordynn Johnson,Skipper,27
368,-4.39092124781973,Austin Victer,Skipper,25
727,-4.40133003766689,James Cottage,Skipper,27
214,-4.40735577513536,Owen Gormely,Skipper,27
667,-4.40831786273602,Emma Cowles,Skipper,25
867,-4.42084866258685,Ursula Budd,Skipper,27
81,-4.43262978671928,Ted Richardsson,Skipper,27
138,-4.4512700402108,Alexa Shea,Skipper,26
58,-4.47176376612015,Danielle Clement,Skipper,26
650,-4.47713945010655,Emily Allen,Skipper,25
1060,-4.48246901525669,Ben Visco,Skipper,28
971,-4.48657640909498,Jackson Harney,Skipper,27
544,-4.49156612680388,Connor Macken,Skipper,24
520,-4.49355153631858,Teddy Nicolosi,Skipper,24
984,-4.49923122288246,Ryan Wiliani,Skipper,28
329,-4.51467784987082,Madison Monkevich,Skipper,27
668,-4.52762529326608,Vivian Bonsager,Skipper,25
1015,-4.54410306568845,Mira Singh,Skipper,26
560,-4.55022362084703,Mason Stang,Skipper,25
374,-4.57230273929312,Ethan Wickman,Skipper,25
356,-4.57330760234301,Isabella Hughes,Skipper,24
658,-4.57818289650589,Katherine McGagh,Skipper,26
491,-4.58450184772726,Rebecca Schill,Skipper,27
375,-4.58570781270759,Kate Ryan,Skipper,25
530,-4.58819518507634,Julian Henderson,Skipper,27
428,-4.59424231436813,Iain Shand,Skipper,24
969,-4.59577268788235,Devon Owen,Skipper,27
508,-4.60422816064822,Ben Mueller,Skipper,26
286,-4.60521156060504,Marina Garrido,Skipper,25
29,-4.62666567284798,Kenneth Buck,Skipper,26
549,-4.63581633596541,Renato Korzinek,Skipper,25
55,-4.63739614515831,Rowan Barnes,Skipper,26
13,-4.6452535177409,Morgana Manti,Skipper,26
361,-4.65493276833251,Quincy Spurlock,Skipper,25
1134,-4.65789618014029,Sunny Odom,Skipper,27
357,-4.6611416753418,Yuri Berebitsky,Skipper,27
216,-4.66293151686575,Ryan Giorgianni,Skipper,26
647,-4.66431781043552,Brendan Chinn,Skipper,26
326,-4.68621066229152,Robert Finora,Skipper,27
383,-4.68923387786911,Noah Robitshek,Skipper,25
644,-4.69821520051049,Ella Towner,Skipper,27
663,-4.70009114249022,Sara Schumann,Skipper,25
1204,-4.70835753585022,Shaynan Montenegro,Skipper,26
1073,-4.73452970893063,James Leavitt,Skipper,27
404,-4.75316788798531,Evan Simpson,Skipper,26
466,-4.7594808672725,Maxwell Penders,Skipper,25
151,-4.76486098997778,Charles Case,Skipper,26
1172,-4.77284121099003,Owen Warren,Skipper,28
410,-4.77376877397952,Natalia Luna,Skipper,24
587,-4.77887380345688,Christine Reimer,Skipper,24
362,-4.78417135682302,Aidan Clark,Skipper,24
78,-4.78474067650633,Audrey Commerford,Skipper,25
1174,-4.78938303329012,Isabelle Ouimet,Skipper,26
687,-4.79097953794243,Jed Lory,Skipper,27
238,-4.80576073912398,Laura Hamilton,Skipper,27
315,-4.85252631774774,Jasper Waldman,Skipper,25
413,-4.86999555351473,Kent Colbrunn,Skipper,24
575,-4.89616668924281,Connor Rosow,Skipper,24
71,-4.90437904679435,Megan Miller,Skipper,26
414,-4.90624032373724,Max McCumber,Skipper,27
470,-4.94422317196322,Diogo Silva,Skipper,26
333,-4.95095935414892,Margaret Myers-Aldous,Skipper,25
1163,-4.97749616080532,Claire Ciamarra,Skipper,28
429,-4.97878614380925,Charlotte Stillman,Skipper,27
642,-5.0068864550288,Aric Duncan,Skipper,27
1188,-5.0133686980856,Jack Solmo,Skipper,25
959,-5.02606327571633,Thomas Pappas,Skipper,25
406,-5.0287777495517,Jack Charlton,Skipper,27
161,-5.02879656184103,Josh Rosen,Skipper,26
186,-5.04854507058221,Katherine Sorbie,Skipper,27
140,-5.06450664291808,Grant Adam,Skipper,23
515,-5.06733548326735,Emil Tullberg,Skipper,25
91,-5.07458764804002,Caitlin Derby,Skipper,26
742,-5.07884489297444,Mitchell Hnatt,Skipper,28
1082,-5.08290709824043,Jack Cropper,Skipper,28
599,-5.0855618144245,Henry Poynter,Skipper,26
939,-5.08735004622788,Anthony Farrar,Skipper,26
692,-5.09176481672019,Marbella Marlo,Skipper,24
597,-5.10381526677689,Grace Augspurger,Skipper,25
1005,-5.11867915449272,Eli Erling,Skipper,26
1193,-5.12928471085949,Sophia Herrada,Skipper,24
734,-5.13415115975806,Kate Danielson,Skipper,28
1205,-5.1348672361544,Tyla Garfas-Knowles,Skipper,28
30,-5.13739074967925,Carter Morin,Skipper,25
1199,-5.15847731928306,Marty Weigel,Skipper,25
645,-5.16301147975759,Aidan Ulian,Skipper,27
1012,-5.17183682835336,Tucker Parks,Skipper,25
646,-5.17430793203259,Nick Brodie,Skipper,27
576,-5.17612344262868,Marissa Tegeder,Skipper,25
527,-5.18999494170068,Ryan Satterberg,Skipper,27
545,-5.19473510708057,Tyler Winowiecki,Skipper,27
175,-5.19513552463529,Emma Hershey,Skipper,27
385,-5.19711122936184,Annabelle O'Bryan,Skipper,24
336,-5.20892882379878,Mats Braaten,Skipper,27
731,-5.24589352702995,Sophia Hubbard,Skipper,28
539,-5.25625978334853,Jin Johnson,Skipper,24
318,-5.25693237073502,Henry Haddon,Skipper,25
551,-5.2604921678176,Kaitlyn Hamilton,Skipper,26
872,-5.26070988161882,Cole Woodworth,Skipper,26
1011,-5.27153255321398,Victor Larimer,Skipper,28
693,-5.28012048334181,James Paul,Skipper,23
828,-5.28068354090401,Dillon Garcia,Skipper,27
982,-5.29024516018053,Colin Kenny,Skipper,28
309,-5.31302315746299,Arseniy Titov,Skipper,25
347,-5.32033458703124,Sarah Ward,Skipper,24
1202,-5.3206167764108,Addison Dunn,Skipper,28
346,-5.35606618776496,Nathaniel Adams,Skipper,26
1203,-5.36020491684248,Kieran Banyard,Skipper,28
1067,-5.36595417076194,Sam Childers,Skipper,27
70,-5.39081924846477,May Proctor,Skipper,27
978,-5.39154286188882,Marguerite Deseau,Skipper,27
557,-5.40638187807754,Mathieu Dale,Skipper,25
310,-5.4190389513625,Brandon Kem,Skipper,24
556,-5.42223921166491,Robby Meek,Skipper,27
92,-5.42239254452171,Anthony Purcell,Skipper,24
1006,-5.42281509413845,James Klancnik,Skipper,28
441,-5.43301457334702,Wilfred Hynes,Skipper,26
171,-5.43513972484766,Molly O'Sullivan,Skipper,27
79,-5.44112391686711,Harry Kaya Prager,Skipper,25
747,-5.45442365870535,Emma Gumny,Skipper,28
553,-5.46295380531552,Cole Abbott,Skipper,26
601,-5.4861493295247,William Denker,Skipper,27
669,-5.4952969303481,Marina Hutzler,Skipper,23
1183,-5.50494296103359,Bobby Rielly,Skipper,25
442,-5.51500541801785,Brett Tardie,Skipper,25
376,-5.51631544409474,Noyl Odom,Skipper,24
976,-5.54325719885435,Jack Whitman,Skipper,27
864,-5.56025628817286,Audrey Foley,Skipper,28
649,-5.56196954667202,Kay Brunsvold,Skipper,25
1150,-5.56487785523115,Pierce Brindley,Skipper,28
94,-5.58559924944604,Jean-Luc Depardieu,Skipper,27
319,-5.61917035778692,Kayla Maguire,Skipper,25
540,-5.62423333403629,Nathan Hyde,Skipper,25
82,-5.62787370215434,Keller Morrison,Skipper,25
279,-5.63063199715162,Daniel Larson,Skipper,27
430,-5.64127766052892,Kayla Maguire,Skipper,26
536,-5.64634361128386,Isaac Thompson,Skipper,27
334,-5.67039544942619,Tyler Brown,Skipper,26
1096,-5.68430603974225,Eva Gonzalez-Whitehouse,Skipper,26
1064,-5.68504946969868,Cameron Luck,Skipper,28
123,-5.68641653675832,Lilly Ladd,Skipper,26
1173,-5.70806605229874,Sarra Guezguez,Skipper,27
1135,-5.71937091834458,Ghislaine van Empel,Skipper,27
179,-5.73548629946388,William O'Haver,Skipper,27
341,-5.76087703621552,Gianmarco Costa,Skipper,26
970,-5.775115697204,Marco Welch,Skipper,28
73,-5.78646450198016,Nolan Cooper,Skipper,25
537,-5.80818467133744,Henry Scholz,Skipper,27
80,-5.82030321015654,Isabella Cho,Skipper,27
578,-5.84067801581356,Jane Caroline Minchew,Skipper,25
148,-5.84307745857886,Matias Martin,Skipper,27
524,-5.8762103870697,Justin Callahan,Skipper,26
1206,-5.88595708842466,Anita Shields,Skipper,25
418,-5.88765880218942,Asher Green,Skipper,24
620,-5.89388893533976,Liam Gronda,Skipper,25
643,-5.91245285037326,Will Eggena,Skipper,27
562,-5.93006343635741,Mathias Reimer,Skipper,27
316,-5.9304149972998,Jeremy Lunati,Skipper,27
675,-5.94079751895431,Mia Nicolosi,Skipper,25
555,-5.94829590435864,Tatem Gee,Skipper,27
572,-5.96337001787126,Sarah Burn,Skipper,24
1003,-5.96961316991671,Benjamin Karle,Skipper,28
139,-5.99029654068011,Sam Ingalls,Skipper,24
579,-5.99651852263595,Catherine Morrissette,Skipper,24
339,-6.02039671787314,Patrick Tis,Skipper,27
1102,-6.04513008778927,Nicole Ostapowicz,Skipper,28
621,-6.05945476619302,Brendan Sheeran,Skipper,26
648,-6.06424292102586,Vanessa Lahrkamp,Skipper,26
1141,-6.07883567660716,Cecilia Roe,Skipper,26
561,-6.07906256787614,Lucas Thress,Skipper,26
577,-6.11888450166967,Declan Botwinick,Skipper,25
358,-6.12469538520903,Caroline Hurley,Skipper,25
431,-6.15176846477453,Collin Ross,Skipper,25
554,-6.15565253323395,Marguerite Eno,Skipper,27
574,-6.17601134797861,Winborne Majette,Skipper,27
190,-6.1775627724986,Andoni Christou,Skipper,27
437,-6.21636837418373,Devyn Weed,Skipper,25
869,-6.21697150070901,Mairéad Reitzel,Skipper,28
407,-6.22412692538473,John McCalmont,Skipper,27
162,-6.24900272582348,Olivia Figley,Skipper,26
1143,-6.26621098082923,Lucy Murphy,Skipper,28
1151,-6.27556374754936,Jack Prior,Skipper,27
328,-6.28721873043429,Marlon Wool,Skipper,26
408,-6.32185823567238,Ella Beck,Skipper,26
1192,-6.33566047306907,Dennis Kostjuhin,Skipper,27
977,-6.35670526968001,Greer Page,Skipper,27
311,-6.3593686482296,Piper Luke,Skipper,26
523,-6.40083598130056,Tyler Nash,Skipper,26
349,-6.41208818946536,Kate Faranetta,Skipper,24
875,-6.46895001506828,Christian Ebbin,Skipper,28
870,-6.4749751617815,Brendan Peary,Skipper,27
651,-6.53607556114845,Chloe Hudgins,Skipper,24
1083,-6.55832335027215,Calistoga Frerker,Skipper,28
1142,-6.61891761207395,Celia Houston,Skipper,25
62,-6.64927105025363,Ashton Loring,Skipper,26
936,-6.69289819687227,Julian Hill,Skipper,26
568,-6.82481613273555,Alex Adams,Skipper,26
31,-6.8339027698231,Ian Hoogenboom,Skipper,25
677,-6.85418808954466,Colman Schofield,Skipper,25
436,-6.86208857354513,Olivia Drulard,Skipper,27
325,-6.86548556955736,Charlotte Shaw,Skipper,26
83,-6.88479191253173,James Sullivan,Skipper,25
735,-6.89880796460806,Meredith Broadus,Skipper,25
405,-6.90654116899536,Jack Bergman,Skipper,24
332,-6.91911255555676,Evan Kohut,Skipper,26
360,-6.93961061082195,Rowan Clinch,Skipper,27
973,-7.0240541600307,Matthew Wallace,Skipper,25
317,-7.05098856510931,Anish Jayewardene,Skipper,24
337,-7.05423205183035,Noah Kuzloski,Skipper,27
652,-7.05667730339374,Alice Schmid,Skipper,27
676,-7.07314253064868,Yumi Yoshiyasu,Skipper,24
1081,-7.1003401936122,Van Baghdasaryan,Skipper,26
943,-7.1688820875807,Matthew Lefler,Skipper,29
95,-7.18749327546684,Brendan OBrien,Skipper,27
188,-7.22863596498145,Gavin Holmes,Skipper,27
732,-7.26939154902976,Marykate Hanus,Skipper,28
335,-7.36524745773117,Stefano Palamara,Skipper,25
439,-7.39189591121576,Sam Harris,Skipper,26
327,-7.39404163823502,Lucas Randle,Skipper,27
438,-7.41567365664251,Felix Nusbaum,Skipper,25
594,-7.47124112972893,Kathleen Downey,Skipper,24
674,-7.52196913539362,Caylin Schnoor,Skipper,25
419,-7.5928380833027,Maren Behnke,Skipper,25
941,-7.61287224472721,Mary Morris,Skipper,26
497,-7.67900285795333,Alexis Young,Skipper,27
74,-7.68888406798368,Blake Vogel,Skipper,26
1130,-7.7394712736157,Humberto Porrata,Skipper,25
93,-7.75717775142515,Annecy Kagan,Skipper,26
496,-7.79719578296092,Will Cornell,Skipper,25
1103,-7.83713111586217,Grace Wilson,Skipper,27
338,-7.89018432095642,Sebastien Nordenson,Skipper,27
340,-7.95496775784341,Bracklinn Williams,Skipper,25
944,-7.97698636643787,Marcus Greco,Skipper,28
571,-7.98172275219822,Peter Busch,Skipper,26
569,-8.04374243376612,Kevin Gosselin,Skipper,27
154,-8.07637314390537,Richard Kalich,Skipper,26
1097,-8.08272834444996,Benjamin Luu,Skipper,27
142,-8.23206774577194,Fritz Baldauf,Skipper,24
654,-8.29659405249441,Laura Slovensky,Skipper,25
961,-8.41669821262391,Zechariah Frantz,Skipper,25
1014,-8.49460248511063,Zhaohui Harry Ding,Skipper,28
525,-8.56659285395151,Oliver Stokke,Skipper,26
189,-8.66420270504589,Stella Brown,Skipper,27
526,-8.76746642076377,Guthrie Braun,Skipper,26
1178,-8.79462286038682,Quinn Schwarz,Skipper,25
420,-9.03664906456297,Mason Chapman,Skipper,26
141,-9.09385572768445,Samuel Rooks,Skipper,27
940,-9.09402686158547,Cole Bender,Skipper,26
143,-9.21517576469121,John Cabell,Skipper,26
570,-9.21992492596917,Kyle Pfrang,Skipper,26
187,-9.37059929752016,Charlotte McIlnay,Skipper,27
528,-9.40888656010503,Kurt Stuebe,Skipper,27
180,-9.50548829510656,Nolan Hammerschmidt,Skipper,27
602,-9.5923070751469,Quinn Brighton,Skipper,27
695,-9.92884122303727,Mitchell Callahan,Skipper,26
1194,-9.98256765669541,Taylor Bartell,Skipper,28
1152,-10.1556138584409,Emma Cole,Skipper,25
1104,-10.2350338995523,Cadence Goodnight,Skipper,26
516,-11.0770948131412,Henri Richardsson,Skipper,25
518,-11.2529854803561,Sarah Krajewski,Skipper,26
181,-11.7175099033039,Henrique Oliveira,Skipper,27
517,-11.7542731105359,Peter Schnell,Skipper,26
422,-12.3338966684768,Joseph Bonacci,Skipper,25
421,-12.3888504177304,Cameron Turner,Skipper,24
653,-13.0679076498993,Hannah Freeman,Skipper,24