id,name,year
2579,Sara Schumann,Crew,25
2580,Emily Panarella,Crew,24
2581,Charles Pohl,Crew,26
2582,Ariana Gabier,Crew,24
2583,Maggie Fleming,Crew,27
2584,Benjamin Luu,Crew,26
2585,Kristen Healy,Crew,24
2586,Rachel O'Neill,Crew,24
2587,Aidan Clark,Crew,24
2588,Laura Rhodes,Crew,24
2589,Claire Wiley,Crew,27
2590,Millie Rose Taub,Crew,26
2591,Catherine Arcaris,Crew,26
2592,Paige O’Dell,Crew,27
2593,Joseph Qualtier,Crew,27
2594,Luca Bonanno,Crew,25
2595,Marlo Bozza,Crew,25
2596,Isabella Arrigo,Crew,27
2597,Jackson McKinley,Crew,26
2598,Michaela O'Brien,Crew,24
2599,Addyson Fisher,Crew,27
2600,Brooke Bertrand,Crew,25
2601,Samantha Hemans,Crew,27
2602,Audrey Fung,Crew,24
2603,Mia Quinlan,Crew,24
2604,Jan Matteo Bassi,Crew,27
2605,Brooke Davi,Crew,25
2606,Aliyah Al-Khafaji,Crew,27
2607,Dylan Tran,Crew,24
2608,Morgan Contrino,Crew,24
2609,Ryan Tuttle,Crew,27
2610,Garrison Guzzeau,Crew,25
2611,Daniel Gates,Crew,26
2612,Anna Kovacs,Crew,25
2613,James Unger,Crew,27
2614,Sadie Creemer,Crew,25
2615,Poshu Ng,Crew,27
2616,Anna Eaton,Crew,24
2617,Chloe Long,Crew,23
2618,Anna Schroeder,Crew,23
2619,Frances Tarpey-Schwed,Crew,23
2620,Sophia Shaeffer,Crew,25
2621,Quinn Gladstone-Lamas,Crew,26
2622,Noah Lovelace,Crew,25
2623,Jose Chapa,Crew,26
2624,Margaret Myers-Aldous,Crew,25
2625,Camille Cullen,Crew,26
2626,Nicole Eastman,Crew,23
2627,Fiona Wagner,Crew,25
2628,Charlotte Martinez,Crew,23
2629,Chloe Schofield,Crew,23
2630,Marcus Hougaard,Crew,23
2631,Skyler Kurtz,Crew,23
2632,Emelie Lustig,Crew,26
2633,Ana lópez,Crew,26
2634,Alyssa Shadduck,Crew,23
2635,Gerrit Bittmann,Crew,24
2636,Hugh Atkinson,Crew,23
2637,Lara Zoghbi,Crew,23
2638,Taylor Ledgerwood,Crew,23
2639,Everett McAvoy,Crew,26
2640,Can Dilikoglu,Crew,23
2641,Shannon Gondoly,Crew,25
2642,Kelsie Grant,Crew,23
2643,Patrick Gardiner,Crew,26
2644,Nelson Chow,Crew,23
2645,Alyssa Cunningham Barkus,Crew,26
2646,Caelan Haddock,Crew,25
2647,Morgan Bittmann,Crew,24
2648,Nathan Reinheimer,Crew,26
2649,Hana Burdge,Crew,24
2650,Lily Simpson,Crew,24
2651,Jamie Kim,Crew,26
2652,Ferdinand Rother,Crew,24
2653,Guillaume Collin,Crew,23
2654,Jessica Schaefer,Crew,23
2655,Tessa Greene,Crew,26
2656,Jack Rector,Crew,23
2657,Kees Horn,Crew,25
2658,Rose von Eckartsberg,Crew,25
2659,Emmanuella Partyka,Crew,25
2660,Ava Bergan,Crew,27
2661,Cara Loo,Crew,24
2662,Samuel Groom,Crew,24
2663,Jack Blackman,Crew,24
2664,Annika Burns,Crew,27
2665,Colin Wood,Crew,27
2666,Alexis Kovacevic,Crew,27
2667,Nate Ingebritson,Crew,25
2668,Kyla Coubrough,Crew,24
2669,Phoebe Liermann,Crew,27
2670,Madalyn Gordon,Crew,25
2671,Hazel Ross,Crew,27
2672,Breeze Pickford,Crew,26
2673,Genaro Flores - Machorro,Crew,25
2674,Maxwell Kandas,Crew,27
2675,Tyler Stump,Crew,26
2676,Ryan Carpenter,Crew,25
2677,Gavin Hirz,Crew,26
2678,Leah Oleksik,Crew,26
2679,Aaron Helfgott,Crew,23
2680,Paulina Williams,Crew,26
2681,Austin Hargus,Crew,27
2682,Emerson Marquez,Crew,27
2683,Ethan Lisle,Crew,25
2684,Ryan McCarthy,Crew,23
2685,Natalie Tricarico,Crew,25
2686,Jaquelyn Quintana,Crew,25
2687,Griffin Vernon,Crew,26
2688,Andrew Harper,Crew,26
2689,Charlotte Hinman,Crew,22
2690,Jack Arroues,Crew,23
2691,Russ Sobti,Crew,26
2692,John Hutchison,Crew,23
2693,Ryan Giorgianni,Crew,26
2694,Gillian Cate,Crew,25
2695,Emily Broach,Crew,25
2696,Eric Wang,Crew,23
2697,Terry Yao,Crew,23
2698,Olivia Feaster,Crew,26
2699,Sean Kenealy,Crew,25
2700,Rachel Leipold,Crew,22
2701,Beck Boyea,Crew,24
2702,Ian Collignon,Crew,23
2703,Alexis Di Stefano,Crew,25
2704,Zacarias Valencia,Crew,24
2705,Christopher Hopkins,Crew,25
2706,Marie Friauf,Crew,23
2707,Stian Klype,Crew,22
2708,Colin Thompson,Crew,25
2709,Tegan Smith,Crew,24
2710,Emily Yong,Crew,25
2711,Maxwell Yarter,Crew,22
2712,Charlotte Sandy,Crew,22
2713,Elizabeth Crager,Crew,25
2714,Morgan Burton,Crew,23
2715,Francesco Nicoli,Crew,22
2716,Torrey Van Ness,Crew,23
2717,Diya Correa,Crew,22
2718,Kenny Moats,Crew,24
2719,Ian Fanning,Crew,22
2720,Hayden shaw,Crew,25
2721,Delaney Kellen,Crew,23
2722,Faith Hall,Crew,22
2723,Brooks Jordan,Crew,24
2724,Jacob Friend,Crew,25
2725,Reagan Carris,Crew,26
2726,Hannah Marsicano,Crew,24
2727,Carolyn Staples,Crew,25
2728,Brady Parks,Crew,25
2729,Elissa Martinez,Crew,23
2730,Winston Yau,Crew,22
2731,Emmy Digiacomo,Crew,24
2732,Dom Aloysius Mandigma,Crew,23
2733,Mason Baird,Crew,26
2734,Imogene Dunn,Crew,25
2735,Saleta Powell,Crew,25
2736,Trevin Brown,Crew,26
2737,Anjella Klaiber,Crew,23
2738,Carter Durst,Crew,26
2739,Kayla Putzke,Crew,24
2740,Amelia Johnson,Crew,25
2741,Brilan Christopher,Crew,24
2742,tia schoening,Crew,26
2743,Olivia Sowa,Crew,24
2744,William Moran,Crew,23
2745,Tess Levanway,Crew,26
2746,Jordan MacMoyle,Crew,25
2747,Vanessa Marahrens,Crew,26
2748,Angelina Khourisader,Crew,23
2749,Paige Arneson,Crew,25
2750,Lexie Belgrad,Crew,26
2751,Stefanos Pappas,Crew,25
2752,Kathleen Perry,Crew,24
2753,Rori Bywater,Crew,25
2754,Avery Harris,Crew,25
2755,Zi Burns,Crew,26
2756,Sophia Hacket,Crew,25
2757,Naomi Sterlingsdottir,Crew,22
2758,Nickolas Powers,Crew,25
2759,Piper DeSantis,Crew,23
2760,Christine Catherman,Crew,22
2761,Brandon Weaver,Crew,23
2762,Michael Schaaf,Crew,23
2763,Elizabeth Johnson,Crew,22
2764,Grace Skipper,Crew,23
2765,Lily Theisen,Crew,23
2766,Isabella du Plessis,Crew,24
2767,Katie Nelson,Crew,24
2768,Brooke Cheatham,Crew,23
2769,Ian Connolly,Crew,25
2770,Elena Vaamonde,Crew,24
2771,Ryan Guth,Crew,24
2772,Anna O'Reilly,Crew,25
2773,Brendan Stone,Crew,24
2774,Shane Hayward,Crew,24
2775,Kamran Kangal,Crew,21
2776,Malcolm McAlister,Crew,23
2777,Joaquin Marquez,Crew,24
2778,Grace Benzal,Crew,23
2779,Olivia Smith,Crew,23
2780,Ella Wisely,Crew,27
2781,Melissa Janes,Crew,26
2782,Jackson McGeough,Crew,25
2783,Sean Harris,Crew,25
2784,Jane McKenzie,Crew,27
2785,Preston Cyr,Crew,27
2786,Jack Wigmore,Crew,27
2787,Jay Teters,Crew,27
2788,Matthew Aguilera,Crew,26
2789,Conner Hedge,Crew,26
2790,KA Hamner,Crew,26
2791,Dana Aljasir,Crew,27
2792,Lauren Turner,Crew,26
2793,Eloise Weiss,Crew,27
2794,Harriss Thorne,Crew,27
2795,Madison Mihan,Crew,27
2796,Maggie Burnham,Crew,26
2797,William Robertson,Crew,25
2798,Gordon Leadbetter,Crew,24
2799,Rajshibhu Pandey,Crew,27
2800,Gabriella Martinez,Crew,27
2801,Ander Alonso,Crew,27
2802,Edward Lucas Brady,Crew,27
2803,Julian Drake,Crew,25
2804,Elise Lamarre,Crew,23
2805,Ella Weaver,Crew,23
2806,Zi Burns,Crew,25
2807,Rebeca Navarro Santos Lion,Crew,25
2808,Jonas Urban,Crew,23
2809,Nilias Vidarte,Crew,26
2810,Isabella Impalli,Crew,22
2811,Niah Ford,Crew,26
2812,Maddie Fitzgerald,Crew,26
2813,Gabriel Abbott,Crew,23
2814,Skylor Wong,Crew,26
2815,Lily Schwartz,Crew,25
2816,Prabhav Jain,Crew,23
2817,Henry Campbell,Crew,25
2818,Jane Caroline Minchew,Crew,25
2819,Marc Hauenstein,Crew,27
2820,Nina Lubchenco,Crew,25
2821,Julia Brighton,Crew,27
2822,Eli Perl,Crew,25
2823,Sam Heighway,Crew,25
2824,Jonathan Caruso,Crew,25
2825,Dillan Smith,Crew,23
2826,Matthew Blessington,Crew,24
2827,Amelia Dunat,Crew,25
2828,Lindsey McDonough,Crew,25
2829,Jessica Baugh,Crew,27
2830,Grace Beard,Crew,25
2831,Kay Lyon,Crew,27
2832,Megan Miller,Crew,26
2833,Shea Hoffacker,Crew,27
2834,Ellie Spicer,Crew,27
2835,Paige Phillips,Crew,25
2836,Jackson Ward,Crew,25
2837,Sarina Schmoyer,Crew,27
2838,Magnolia Smith,Crew,25
2839,Earl Tyler,Crew,26
2840,Jacob Broderick,Crew,26
2841,Kathleen Hale,Crew,26
2842,Jacqueline Hanna,Crew,23
2843,Charles Cobb,Crew,24
2844,Matthias Pietrus,Crew,24
2845,Anna Pierce,Crew,24
2846,Gordan Stine,Crew,26
2847,Edwin McAlister,Crew,26
2848,Anna Sems,Crew,26
2849,Iain Rhye,Crew,26
2850,Rio (Kang-cheng) Asaka (Wey),Crew,26
2851,Alexandra Brown,Crew,23
2852,Lucas Bush,Crew,25
2853,Samuel Long,Crew,24
2854,Brendan Munter,Crew,23
2855,Brigitte Lueder,Crew,25
2856,Danielle Clement,Crew,26
2857,Peyton Nienaber,Crew,22
2858,Jessica Stewart,Crew,23
2859,Beverly Schimmel,Crew,25
2860,Sophia Jacobs,Crew,23
2861,Iesha Carter,Crew,23
2862,Kyle Hirth,Crew,25
2863,Kitana Barrus,Crew,22
2864,Sarah El Shenawy,Crew,23
2865,Morgan Vodzak,Crew,25
2866,Christian Fuller,Crew,22
2867,Fabio Schettino,Crew,23
2868,Corey Quillen,Crew,22
2869,Makar Dubovskov,Crew,23
2870,John Cornet,Crew,22
2871,Andrea Lanfranconi,Crew,22
2872,Aivan Durfee,Crew,25
2873,Max Lawall,Crew,23
2874,Edward Ansart,Crew,24
2875,Julian Rubinstein,Crew,24
2876,Stefano Chiampo,Crew,26
2877,Wilson Kaznoski,Crew,24
2878,Thomas Mazzeo,Crew,26
2879,Solomiiia Kachur,Crew,26
2880,Anna Steffen,Crew,25
2881,Isabelle Vagell,Crew,26
2882,Lane Kaeyer,Crew,27
2883,Sean Beaver,Crew,27
2884,Andrew Wagner,Crew,26
2885,Isabella Gioseffi,Crew,27
2886,Spencer Dellenbaugh,Crew,23
2887,Trixie Williams,Crew,26
2888,Matthew Straub,Crew,27
2889,Parker Brown,Crew,26
2890,Autumn Horsey,Crew,27
2891,Harrison Nash,Crew,27
2892,Nicholas Belev,Crew,26
2893,Sabina Coroi,Crew,27
2894,Cody Lamoreux,Crew,27
2895,Harrison Vose,Crew,26
2896,Alex Forrest,Crew,26
2897,Ella Gibson,Crew,27
2898,Michael Salvatore,Crew,26
2899,William Salerno,Crew,25
2900,Claire Komar,Crew,27
2901,Jane Matthews,Crew,26
2902,Dalyan Yet,Crew,26
2903,Maggie Forger,Crew,25
2904,Ryan Tedeschi,Crew,28
2905,Cameron McLean,Crew,26
2906,Tucker Gibbs,Crew,27
2907,Allysen Bell,Crew,24
2908,Amelia Fisher,Crew,26
2909,Sylvia Burns,Crew,26
2910,Talia Trigg,Crew,26
2911,Akash Shah,Crew,27
2912,Katherine Barton,Crew,23
2913,Adrianna Lee,Crew,22
2914,Kristen Cooper,Crew,25
2915,Daniel Neville,Crew,25
2916,Sophia Browne,Crew,25
2917,Aine-maire Porter,Crew,25
2918,Kennedy Jones,Crew,24
2919,Ella DesChamps,Crew,25
2920,Lindsea Hayes,Crew,22
2921,Liam Orr,Crew,22
2922,Lily Allen,Crew,23
2923,Caroline Grin,Crew,25
2924,Mackenzie Berwick,Crew,22
2925,Tyler Bissell,Crew,24
2926,Abigail Paul,Crew,25
2927,Sydney Motherway,Crew,24
2928,Julia Burns,Crew,22
2929,Emma Macturk,Crew,23
2930,Charlotte McCarthy,Crew,25
2931,Marlena Tavernier-Fine,Crew,22
2932,Alivia Markham,Crew,23
2933,Olivia Anderson,Crew,25
2934,Carolyn Kravets,Crew,25
2935,Matthew Caplan,Crew,25
2936,campbell mcclellan,Crew,26
2937,Walter Chiles,Crew,26
2938,Anna Krylova,Crew,25
2939,Amelia Conkey,Crew,26
2940,Caitlin Derby,Crew,26
2941,Cindy Wang,Crew,25
2942,Yangyang Liu,Crew,25
2943,John Hull,Crew,26
2944,Vanessa Reid,Crew,26
2945,Lilia Hutchins,Crew,23
2946,Lucian Sharpe,Crew,24
2947,Isabella Welch,Crew,25
2948,Garrett Moen,Crew,23
2949,Evelyn Lane,Crew,23
2950,Kit Harned,Crew,27
2951,Abigail Thress,Crew,24
2952,Essie Clifton,Crew,25
2953,Chloe Hudgins,Crew,24
2954,Annabelle O'Bryan,Crew,24
2955,Emily Shioutakon,Crew,26
2956,Allison Volk,Crew,25
2957,Ashley Abboud,Crew,26
2958,Gail Schneider,Crew,25
2959,Hannah Cronin,Crew,27
2960,Lilly Ladd,Crew,26
2961,Alessandra Torres,Crew,24
2962,Gianna Dewey,Crew,27
2963,Jordynn Johnson,Crew,27
2964,Lily Flack,Crew,25
2965,Lucy Jervis,Crew,27
2966,Avery Slayton,Crew,27
2967,Marina Dryer,Crew,26
2968,Catherine Anderson,Crew,26
2969,molly hanson,Crew,27
2970,Meredith Broadus,Crew,25
2971,Clara Murphy,Crew,27
2972,Ella May Corckran,Crew,26
2973,Lillian Newman,Crew,25
2974,Clara Hewson,Crew,24
2975,Morgan Auth,Crew,27
2976,Annika Milstien,Crew,25
2977,Maddy Saffer,Crew,24
2978,Adelaide Straub,Crew,24
2979,Lucinda Harley,Crew,27
2980,Margot Gordon,Crew,26
2981,Ella Adelman,Crew,26
2982,Rachel Ward,Crew,27
2983,Ellie McFall,Crew,24
2984,Leah Spadaro,Crew,25
2985,Isa Arrigo,Crew,27
2986,Audrey Permenter,Crew,27
2987,lilah parker,Crew,26
2988,Rowan Schanley,Crew,24
2989,Mira Herlihy,Crew,27
2990,Adelia DeRose,Crew,26
2991,Miles Silverman,Crew,27
2992,Jake Carlson,Crew,25
2993,Madeline Synnestvedt,Crew,27
2994,Lachlan Hooper,Crew,25
2995,Brendan Chinn,Crew,26
2996,Greta Shuster,Crew,25
2997,Sawyer Obrien,Crew,27
2998,Sophia Rey,Crew,26
2999,Annie McGarry,Crew,27
3000,Cecilia Roe,Crew,26
3001,Viola Henry,Crew,26
3002,Alejandro Amezcua,Crew,25
3003,Aurora Kreyche,Crew,25
3004,Lorelei Duarte,Crew,28
3005,Tristan Stevens,Crew,25
3006,Izzy Pavano,Crew,28
3007,Morgan Martucci,Crew,27
3008,Emma Schnippering,Crew,27
3009,Marguerite Bowen,Crew,27
3010,Leo Silverman,Crew,27
3011,Zachary Fournier,Crew,26
3012,Megan Cassidy,Crew,26
3013,Gabbi DelBello,Crew,23
3014,Anna Flynn,Crew,25
3015,Abby Scudder,Crew,24
3016,Annabel De Alessi,Crew,25
3017,Louisa Buckingham,Crew,24
3018,Miya Preyer,Crew,23
3019,Kalea Woodard,Crew,24
3020,Rebecca Keller,Crew,25
3021,Ruby Gordon,Crew,23
3022,Emma Cole,Crew,25
3023,Laurel Krause,Crew,24
3024,Kathryn Winters,Crew,24
3025,Isabelle Kanach,Crew,25
3026,Elizabeth Ellis,Crew,24
3027,Morgan Rice,Crew,25
3028,Amelia Neumann,Crew,25
3029,Lila Coffman,Crew,26
3030,Emma Gronda,Crew,22
3031,Annie Richard,Crew,23
3032,Alexandra Lee,Crew,25
3033,Cadence Goodnight,Crew,26
3034,Mary Mann,Crew,23
3035,Shalis Hunt,Crew,23
3036,Roxanne Snyder,Crew,23
3037,Alice Thompson,Crew,25
3038,Naomi Pedersen,Crew,25
3039,Elizabeth Amelotte,Crew,24
3040,Agija Elerte,Crew,26
3041,Morgan TerMaat,Crew,23
3042,Carolina Perez Rovira,Crew,22
3043,Lucy Spearman,Crew,25
3044,Mallory Hood,Crew,22
3045,Sophia Fogarty,Crew,25
3046,Gwendolyn Donahue,Crew,24
3047,Allison Forsyth,Crew,22
3048,Madeline Stull,Crew,23
3049,Victoria Boatwright,Crew,22
3050,Hattie Slayton,Crew,23
3051,Maura Duval,Crew,24
3052,Julia O'Connor,Crew,24
3053,Rebecca Runyan,Crew,25
3054,Kate Thickens,Crew,23
3055,Mary McLauchlin,Crew,25
3056,Payton Canavan,Crew,23
3057,Gabriella Schmidt,Crew,22
3058,Abigail Borggaard,Crew,24
3059,Annika Fedde,Crew,23
3060,Abigail Tindall,Crew,23
3061,Lydia Brown,Crew,23
3062,Zoe Hoctor,Crew,25
3063,Paige Tyler,Crew,22
3064,Weatherley Tripp,Crew,23
3065,Eva Fortunato,Crew,23
3066,Sophie Lusty,Crew,24
3067,Sophia Duff,Crew,24
3068,Maggie Costikyan,Crew,22
3069,Brooke Asherman,Crew,23
3070,Nicole Schafer,Crew,23
3071,Grace Woodcock,Crew,23
3072,Louisa Bjerke,Crew,22
3073,Mary Daniels,Crew,24
3074,Hailey McKelvie,Crew,22
3075,Emma AuBuchon,Crew,23
3076,Lucija Ruzevic,Crew,24
3077,Alexandra Talbot,Crew,22
3078,Christine Reimer,Crew,24
3079,Robert Silcox,Crew,25
3080,Ian Bosse,Crew,25
3081,Emma Barska,Crew,23
3082,Alexandra Pierce,Crew,25
3083,Blake Daniel,Crew,23
3084,Julia Jeffries,Crew,23
3085,Faye Benjamin,Crew,25
3086,Paige Berta,Crew,24
3087,Maya Nguyen,Crew,24
3088,Ashlyn Cowgill,Crew,23
3089,Conner Brandon,Crew,27
3090,Priscilla Foster,Crew,27
3091,Sierra Warnygora,Crew,27
3092,Carly Sweeney,Crew,25
3093,Nicole Hirt,Crew,25
3094,Sophia Gallo,Crew,25
3095,Joshua Knowles,Crew,26
3096,Elizabeth Williamson,Crew,26
3097,Sarah Percy,Crew,26
3098,Sam Frushone,Crew,27
3099,Nora VanDerMeid,Crew,27
3100,Aubrey Holloway,Crew,24
3101,Molly O'Sullivan,Crew,27
3102,Ross Ellis,Crew,27
3103,Aidan Kiergan,Crew,27
3104,Sabrina Maas,Crew,27
3105,Jacob Millman,Crew,27
3106,Emma Leidheiser,Crew,27
3107,Hannah Monville,Crew,27
3108,Sailor Somerville,Crew,26
3109,Kellyn Bucceri,Crew,26
3110,Natalie Scherf,Crew,27
3111,Hailey Inmon,Crew,27
3112,Clare Corvera,Crew,27
3113,Bridget Gallagher,Crew,27
3114,Silas Hokanson,Crew,26
3115,Gillian Reynolds,Crew,27
3116,Alejandro Ceron,Crew,27
3117,Drew Lyman,Crew,27
3118,Dylan Jones,Crew,27
3119,Cash Bilton,Crew,27
3120,Molly Strabley-Temple,Crew,27
3121,Jon Hurley,Crew,25
3122,Ava Bradd,Crew,26
3123,Kate Sorce,Crew,27
3124,Anna Proulx,Crew,27
3125,Sofia David,Crew,27
3126,Kyra Kleiman,Crew,27
3127,Lucas Posthumus Meyjes,Crew,27
3128,Natalie Cox,Crew,27
3129,Margot Hutchins,Crew,25
3130,Amanda Turner,Crew,27
3131,Maya Outhred,Crew,24
3132,Faith Burton,Crew,26
3133,Mira Shupe,Crew,26
3134,Samantha George,Crew,27
3135,Lily Schweber,Crew,27
3136,Ellie Dickson,Crew,25
3137,Adalia Jimenez,Crew,25
3138,Brent Lin,Crew,24
3139,Ines Huret,Crew,24
3140,Marley Daniel,Crew,27
3141,Paige Karsten,Crew,26
3142,Natalia Uribe,Crew,24
3143,Lauren Taylor,Crew,24
3144,Sammy Farkas,Crew,27
3145,Davis Winsor,Crew,24
3146,Stella Taherian,Crew,27
3147,Shay Wood,Crew,27
3148,Seraphee de Labaca,Crew,26
3149,Kerry Wier,Crew,25
3150,Jeffrey Kriegh,Crew,27
3151,Ashley Ries,Crew,26
3152,Christopher Moore,Crew,26
3153,Elias Ricken,Crew,27
3154,Nicholas Torres,Crew,25
3155,Kevin Gates,Crew,27
3156,Macaela Wilton,Crew,27
3157,Yuri Berebitsky,Crew,27
3158,Zoe Flemate,Crew,25
3159,Sofia Dorman,Crew,27
3160,Anthony Torrez,Crew,25
3161,Yuchen Zhou,Crew,23
3162,Aidan King,Crew,25
3163,Rose Cummins,Crew,24
3164,Maya Dunn,Crew,25
3165,Joaquin Lopez,Crew,25
3166,John Szymanski,Crew,25
3167,Katie Honegger,Crew,25
3168,Edwin Becker,Crew,25
3169,Mila Straskraba,Crew,25
3170,Matthew Valerin,Crew,25
3171,Nok In Chan,Crew,24
3172,Sophie Yanachik,Crew,25
3173,Zachary Beyer,Crew,25
3174,Muskaan Agarwal,Crew,25
3175,Carmela D’Antuono,Crew,24
3176,Alex Silecky,Crew,24
3177,Bryson DenUyl,Crew,24
3178,Anna Donnelly,Crew,24
3179,Abigail Baker,Crew,25
3180,Arianna Denning,Crew,24
3181,William Bernhardt,Crew,25
3182,Isaiah Pesch,Crew,25
3183,Brynna Smith,Crew,22
3184,Asha Edmondson,Crew,23
3185,Natalia Luna,Crew,24
3186,Guy Sloan,Crew,24
3187,Kaiya Lawing,Crew,25
3188,Claudia Parisi,Crew,24
3189,Maddalena Stroik,Crew,26
3190,Brennah Satterfield,Crew,23
3191,Ishani Basak,Crew,25
3192,Anastasia Mastrocola,Crew,23
3193,Scott Senatore,Crew,26
3194,Cooper Newton,Crew,26
3195,Abigail Forcier,Crew,25
3196,Karina Lamoreux,Crew,25
3197,Gavin Tucker,Crew,26
3198,Julia Cotsonas,Crew,26
3199,Rohan Rao,Crew,25
3200,John Ambery,Crew,25
3201,Jack Honan,Crew,23
3202,Devyn Weed,Crew,25
3203,Esther O'Shea,Crew,23
3204,Elliott Wilson,Crew,26
3205,Ryan Divelbiss,Crew,26
3206,Nicholas Caporale,Crew,26
3207,Malvina Clavering,Crew,25
3208,Emily Gildea,Crew,21
3209,Sadie Thomas,Crew,25
3210,Emilia Marino,Crew,22
3211,Hank Bailey,Crew,24
3212,Katharine Benagh,Crew,24
3213,Mackenzie Fraser,Crew,23
3214,Annika Irene,Crew,23
3215,Darcy Lavoie,Crew,21
3216,Taylor Borges,Crew,22
3217,Maguire Bennett,Crew,21
3218,Katie Coughlin,Crew,24
3219,Ian Coen,Crew,24
3220,Jaqueline Frode,Crew,22
3221,Molly Matthews,Crew,23
3222,Sage Walters,Crew,21
3223,Arturo Ortega,Crew,22
3224,Lucien Parker,Crew,24
3225,David Perez,Crew,21
3226,Josh Becker,Crew,24
3227,Makalynne Dyer,Crew,22
3228,Chris Robertson,Crew,23
3229,Abigail Tutt,Crew,21
3230,Myles Murphy,Crew,22
3231,Emily Harrison,Crew,21
3232,Caroline Bourgeois,Crew,22
3233,Jefferson Elkin,Crew,24
3234,Ian Slayter,Crew,24
3235,Mia Porter,Crew,22
3236,Lauren Theis,Crew,22
3237,Sophia Mulvania,Crew,26
3238,Kiki Bruzzi,Crew,25
3239,Grace Phillips,Crew,27
3240,Virginia Cobbs,Crew,25
3241,Kaitlyn Scarcella,Crew,27
3242,Rachel Morgen,Crew,26
3243,Kristin Johnson,Crew,26
3244,Eva Gonzalez-Whitehouse,Crew,26
3245,Genevieve Mumma,Crew,24
3246,Kate Feiner,Crew,26
3247,Ian Guzman,Crew,27
3248,Nora Beebe,Crew,26
3249,Hannah Bast,Crew,25
3250,Kennedy Laureigh,Crew,26
3251,Talia Levine,Crew,26
3252,Rufus Burnes Heath,Crew,27
3253,Posie Cabaniss,Crew,27
3254,Delanie Massenet,Crew,27
3255,Claudia Mabley,Crew,24
3256,Emily Marlas,Crew,26
3257,Corinne Harrison,Crew,27
3258,Alex Bloom,Crew,26
3259,Arielle Candaele,Crew,26
3260,Peter Ellis,Crew,27
3261,Adam Oppenheimer,Crew,27
3262,Meriah Kirschstein,Crew,24
3263,Kyle Brown,Crew,26
3264,Fritz Jaeger,Crew,25
3265,Markus Tam,Crew,24
3266,Ryan Dodge,Crew,26
3267,Audrey Whitaker,Crew,23
3268,Piper Luke,Crew,26
3269,Jennifer Falkner,Crew,24
3270,Christopher Mayo,Crew,26
3271,Mathew Boemmel,Crew,26
3272,Gabriella Thomas,Crew,25
3273,Adam Bryan,Crew,26
3274,William Blacketor,Crew,24
3275,Alexander Maas,Crew,24
3276,Reed Rossell,Crew,25
3277,Andre Bedros,Crew,26
3278,John Sullivan,Crew,26
3279,Connor Bricco,Crew,26
3280,William Moran,Crew,26
3281,Eric Thomas,Crew,24
3282,Ivan Shilov,Crew,25
3283,Harley Mordarski,Crew,23
3284,Spencer Margolis,Crew,26
3285,Zachary Warren,Crew,25
3286,Tacy Guest,Crew,26
3287,Ellen Toberman,Crew,25
3288,Tyler Bane,Crew,24
3289,Alison Keenan,Crew,22
3290,James Mercer,Crew,27
3291,Chih-Yu Liu,Crew,23
3292,Eilis Casey,Crew,25
3293,Berkley Yiu,Crew,25
3294,Sophie DeCoite,Crew,25
3295,Cole Crosby,Crew,26
3296,Rachel Peng,Crew,23
3297,Tess Dakin,Crew,26
3298,Sullivan Shackleford,Crew,24
3299,Cora LeCates,Crew,26
3300,Ian Kaplan,Crew,25
3301,Jada Seto,Crew,25
3302,Hannah Sargent,Crew,26
3303,Noah Turkel,Crew,23
3304,Kaitlyn Greppin,Crew,26
3305,Joe Cooner,Crew,23
3306,Alexander Vincenti,Crew,26
3307,Johnny Leadingham,Crew,26
3308,Abigail Brooks,Crew,23
3309,Brad Daugherty,Crew,24
3310,Walter Wolfe,Crew,26
3311,Claire Buckley,Crew,25
3312,Amelia Carlson,Crew,24
3313,Brianna Ross,Crew,26
3314,Ruth Reischmann,Crew,23
3315,Sam Barrett,Crew,26
3316,Noah Hallerman,Crew,23
3317,Zachary Severson,Crew,26
3318,Allison Nystrom,Crew,26
3319,Kenna Reed,Crew,24
3320,Ellie Murphy,Crew,24
3321,Payne Donaldson,Crew,24
3322,Ethan Snyder,Crew,25
3323,Victoria Chen,Crew,25
3324,Nora Dockter,Crew,25
3325,Lucy Belknap,Crew,25
3326,Janelle Li,Crew,25
3327,Eric Pohl,Crew,28
3328,Cristina Dombrowski,Crew,23
3329,Tyler Meadows,Crew,25
3330,Sarah Krajewski,Crew,26
3331,Peter Cotoia,Crew,26
3332,Reid Wishner,Crew,24
3333,Harrison Weinberg,Crew,26
3334,William Spada,Crew,26
3335,Charlotte Domittner,Crew,25
3336,Conall Lynch,Crew,24
3337,Zach Sonkin,Crew,24
3338,Daniel Burns,Crew,22
3339,Katie Benstead,Crew,23
3340,Audrey Kaczmarek,Crew,23
3341,Megan Rakoczy,Crew,25
3342,Jack Rutherford,Crew,25
3343,Carly Irwin,Crew,25
3344,Jacob Lawrey-Hooker,Crew,25
3345,Hugo Day,Crew,23
3346,Garrett Szlachta,Crew,25
3347,Molly Sullivan,Crew,23
3348,Bahda Hoang,Crew,23
3349,Jaggert Lukowski,Crew,24
3350,Makenzie Reid,Crew,24
3351,Kent Colbrunn,Crew,24
3352,Morgan Lovegrove,Crew,24
3353,Halle Peterlin,Crew,24
3354,Ryan Standaert,Crew,24
3355,Caroline McNeil,Crew,22
3356,Rachel Bonanno,Crew,25
3357,Mary Madaus,Crew,25
3358,Vincent (Vinny) Pallotto,Crew,23
3359,Matthew Little,Crew,22
3360,Harry Kaya Prager,Crew,25
3361,Sophie Lau,Crew,25
3362,Kyle FitzGerald,Crew,24
3363,Mallory Reading,Crew,24
3364,Gabrielle Trongone,Crew,23
3365,Lucy Edmunds,Crew,25
3366,Avery Wilson,Crew,25
3367,Zoe Grant,Crew,25
3368,Trent Chismar,Crew,22
3369,Lucy Dutton,Crew,25
3370,Grace Murphy,Crew,25
3371,Liz Kass,Crew,22
3372,Katherine Barkin,Crew,22
3373,Grace Gunsalus,Crew,24
3374,Brooke Willke,Crew,24
3375,Sarah Levin,Crew,24
3376,Miles Bailey,Crew,25
3377,Aidan Michelow,Crew,25
3378,Elizabeth Taylor,Crew,24
3379,Josie Warfield,Crew,23
3380,Grace Quasebarth,Crew,24
3381,Will Brownie,Crew,25
3382,William Wiegand,Crew,25
3383,Lily Bartlett,Crew,24
3384,Lucas Johnson,Crew,22
3385,Madeline Kerr,Crew,23
3386,Maya Senna Teiman,Crew,25
3387,Callum Robbins,Crew,22
3388,Kate Johnson,Crew,25
3389,Margaret Klein,Crew,26
3390,Victoria Hason,Crew,25
3391,Martin Keene,Crew,23
3392,Olivia Demerath,Crew,23
3393,Henry Poynter,Crew,26
3394,Oliver Rhee,Crew,25
3395,Dominique Spinola,Crew,26
3396,Jane Lally,Crew,25
3397,Kelly Siegal,Crew,26
3398,Emma Hawko,Crew,23
3399,Rowan Woods,Crew,23
3400,Natalie Renehan,Crew,24
3401,Anya Levine,Crew,23
3402,Alexandra Contomichalos,Crew,22
3403,Matthew Yoder,Crew,23
3404,Sara Morrison,Crew,23
3405,Brigette Alves,Crew,25
3406,Caroline Kelly,Crew,23
3407,Ryan Cloherty,Crew,22
3408,Em Tchorz,Crew,23
3409,Emily Zaleski,Crew,22
3410,No ,Crew,ow
3411,Daniel Perkins,Crew,24
3412,Asha Baddi,Crew,24
3413,Jack O'Connor,Crew,26
3414,Cora Star,Crew,26
3415,Kerstin Hyer,Crew,25
3416,Andrew Michels,Crew,25
3417,Daniel de la Vega III,Crew,25
3418,Natalie Manley,Crew,24
3419,Eva Paschke,Crew,25
3420,Rakesh Dhiman,Crew,26
3421,Katherine Sorbie,Crew,27
3422,Delaynie Grove,Crew,24
3423,Lily Lupardus,Crew,27
3424,Cecilia Dietsch,Crew,26
3425,Carmen Lineer,Crew,26
3426,Connor Chung,Crew,26
3427,Angus Gilbreath,Crew,27
3428,Elaina Kobal,Crew,24
3429,Yili Wen,Crew,27
3430,Nina Gonzalez,Crew,27
3431,Bryce Koopman,Crew,24
3432,Braden Vogel,Crew,27
3433,Stella Brown,Crew,27
3434,Sammy Stoeber,Crew,24
3435,Claire Zhang,Crew,24
3436,Sam Childers,Crew,27
3437,Zachary Gold,Crew,24
3438,John Riordan,Crew,26
3439,Lucy Klempen,Crew,24
3440,Zechariah Frantz,Crew,25
3441,Daniel Larson,Crew,27
3442,Alana Hantz,Crew,27
3443,Noelle Owen,Crew,24
3444,Joseph Martinez,Crew,24
3445,Sophie Leduc,Crew,26
3446,Camden Hom,Crew,26
3447,Grayson Tella,Crew,26
3448,Madisen Hamai,Crew,26
3449,Katherine Majette,Crew,27
3450,Clifton Carragher,Crew,25
3451,Reddin Kehrli,Crew,27
3452,Ochithya Fernando,Crew,25
3453,Ashley Breyer,Crew,24
3454,Alana Shigekane,Crew,27
3455,Tiare Sierra,Crew,25
3456,Emma Hershey,Crew,27
3457,Yuxin Mou,Crew,25
3458,savannah conlin,Crew,25
3459,Chris Li,Crew,25
3460,Zander West,Crew,26
3461,Sophia Worden,Crew,27
3462,Isabella Rybinski,Crew,26
3463,Austin Strykowski,Crew,27
3464,Hadley Zeller,Crew,26
3465,Melissa Driscoll,Crew,24
3466,Kayla Decker,Crew,27
3467,Anna Olsen,Crew,27
3468,Hazel Zielinski,Crew,27
3469,Gavin Yao,Crew,25
3470,Devin O'Connor,Crew,26
3471,Kai Redler,Crew,25
3472,Weston Rapp,Crew,27
3473,Jilani Harrison,Crew,24
3474,Brandon Kem,Crew,24
3475,Jackson Settecase,Crew,25
3476,Madison Sweet,Crew,27
3477,Max Liu,Crew,26
3478,Jillian Hickman,Crew,27
3479,AUSTIN SJAARDA,Crew,27
3480,Suwan Yu,Crew,25
3481,Seth Kintner,Crew,27
3482,Tyler Brown,Crew,26
3483,Tyler Mendes,Crew,25
3484,Evan Kohut,Crew,26
3485,Siena Adduci,Crew,27
3486,Hayden Graff,Crew,27
3487,Maddie Woolley,Crew,24
3488,Nora Ciak,Crew,27
3489,Jonah Johnson,Crew,27
3490,Ella Kilgore,Crew,25
3491,meredith davies,Crew,26
3492,Madison Monkevich,Crew,27
3493,Maxwell MacEachern,Crew,26
3494,Emma Kopp,Crew,25
3495,Karolina Debniak,Crew,26
3496,Lars Osell,Crew,24
3497,Maggie Dirkes,Crew,27
3498,Joseph Arrigo,Crew,25
3499,William Surringa,Crew,26
3500,Marlon Wool,Crew,26
3501,Bobby Stevens,Crew,25
3502,Asia Warren,Crew,26
3503,Elliott Chamberland,Crew,27
3504,Tommaso Ciaglia,Crew,24
3505,Indiana Theurer,Crew,25
3506,Nicholas Cunha,Crew,27
3507,Nolani Lloyd,Crew,27
3508,Victoria Davies,Crew,27
3509,Anthony Webster,Crew,25
3510,Caleb Scheaffer,Crew,27
3511,Ernest Glukhov,Crew,27
3512,Chris Bahr,Crew,26
3513,Isabella Hughes,Crew,24
3514,Amelia Mignone,Crew,25
3515,Jack Ryan,Crew,24
3516,George Wood,Crew,27
3517,Holly Sugrue,Crew,27
3518,Nathan Haase,Crew,27
3519,Avery Connor,Crew,27
3520,Kristen McDonough,Crew,25
3521,Eilis Casey,Crew,24
3522,Andrew Matin,Crew,24
3523,Ryan Sylvester,Crew,26
3524,Jeanette Herencia,Crew,26
3525,Sierra Bell,Crew,27
3526,Lucas Schadewitz,Crew,24
3527,Stella Doehring,Crew,25
3528,Elliot Nopp,Crew,25
3529,Austin Victer,Crew,25
3530,Emily Avey,Crew,25
3531,Una Meidav,Crew,27
3532,Dylan Murphy,Crew,26
3533,Brianne McKenna,Crew,28
3534,Grace Lavigne,Crew,26
3535,Haley (Mae) Lohf,Crew,26
3536,Addie Belcher,Crew,25
3537,Ardumus Burnette,Crew,27
3538,Ethan Wickman,Crew,25
3539,Julia Grams,Crew,24
3540,Morgan Walden,Crew,26
3541,Owen Wickman,Crew,27
3542,ella notdurft,Crew,25
3543,Catherine Carpenter,Crew,23
3544,Alexander Chidester,Crew,24
3545,Jonathan Schrantz,Crew,24
3546,Olivia Hanley,Crew,24
3547,Connor Teague,Crew,23
3548,Mary Outland,Crew,25
3549,Benjamin Rubin,Crew,23
3550,Claire Miller,Crew,26
3551,Ajita Nair,Crew,23
3552,Tucker Ballou,Crew,26
3553,Declan Vidal,Crew,23
3554,Quinten Tomaro,Crew,24
3555,Alexa Whitman,Crew,26
3556,Katie Metis,Crew,26
3557,Yanni Tsetsekos,Crew,23
3558,Maren Behnke,Crew,25
3559,Robert Chapman,Crew,24
3560,Henry Ihle,Crew,25
3561,Zoe Apsel,Crew,23
3562,Sammy Doniger,Crew,25
3563,Abigail Robinson-Garaffa,Crew,25
3564,Aoife Cannon,Crew,23
3565,Ralph Molinari,Crew,24
3566,Benjamin Knisely,Crew,24
3567,Grant GianGrasso,Crew,24
3568,Erin Splaine,Crew,23
3569,Evelyn Carpenter,Crew,26
3570,Joseph Bitterman,Crew,25
3571,Kelly Jones,Crew,26
3572,Elliot Dyroff,Crew,26
3573,Maren Matthews,Crew,26
3574,Anna Hoffman,Crew,26
3575,Menasha Leport,Crew,25
3576,Lindsey Kaufmann,Crew,26
3577,"Jewel ""Min Min"" Kelly",Crew,24
3578,Leonora Krajewski,Crew,23
3579,Kay Brunsvold,Crew,25
3580,Izzy Wu-Karr,Crew,26
3581,Claire Dubois,Crew,23
3582,Katelyn McGauley,Crew,24
3583,Elyssa Franklin,Crew,26
3584,Devin Hart,Crew,23
3585,Emma Ardizzoni,Crew,23
3586,Francesca Edmands,Crew,25
3587,Caroline Keeffe-Jones,Crew,26
3588,Julia Conneely,Crew,26
3589,Adra Ivancich,Crew,26
3590,Sarah Kate McElroy,Crew,24
3591,Tim Crawford,Crew,24
3592,Carson Rodt,Crew,24
3593,Eleanor Desai,Crew,23
3594,Julia Carpenter,Crew,24
3595,Matthew Hall,Crew,25
3596,Sammy Pickell,Crew,22
3597,Devon Stapleton,Crew,22
3598,Duncan Weiner,Crew,24
3599,Cooper Snell,Crew,23
3600,Olivia Feito,Crew,22
3601,Judah Wong,Crew,24
3602,AnaClare Sole,Crew,23
3603,Sam Kimmel,Crew,24
3604,Christa Robertson,Crew,24
3605,Brianne Abbott-Rogge,Crew,25
3606,Lily Shore,Crew,24
3607,Ella Marsden,Crew,24
3608,Lourdes Gallo,Crew,24
3609,Elizabeth Shanahan,Crew,23
3610,Holliss Hirsch,Crew,25
3611,Lilly Bjerke,Crew,25
3612,Caroline Dannacher,Crew,25
3613,Laura Slovensky,Crew,25
3614,Luisa Louchheim,Crew,25
3615,Mary Persico,Crew,21
3616,Caitlin Abel,Crew,21
3617,Mary Tran,Crew,22
3618,Christina Nothacker,Crew,21
3619,Rachel Holick,Crew,22
3620,Emma Batcher,Crew,22
3621,Alexandra Tillinghast,Crew,23
3622,Brian Nelson,Crew,21
3623,Charlotte Williams,Crew,21
3624,Elizabeth Russell,Crew,21
3625,Juliana Testa,Crew,21
3626,Cecilia Bohan,Crew,24
3627,Marta Munte,Crew,23
3628,Charles Mason,Crew,23
3629,Laurel Foster,Crew,22
3630,Alexandra Wagner,Crew,22
3631,Kensie Winton,Crew,23
3632,Laura Ferraris,Crew,22
3633,Ann Sheridan,Crew,22
3634,margaret benson,Crew,23
3635,Nicole Moeder,Crew,22
3636,Lilly Mathieu,Crew,23
3637,Lauren O'Neill,Crew,24
3638,Annie Buelt,Crew,24
3639,Parker Younger,Crew,24
3640,Eva Leggett,Crew,24
3641,Katherine Shermock,Crew,24
3642,Alexander Jaber,Crew,25
3643,Tryg van Wyk,Crew,26
3644,Wynne Williams,Crew,27
3645,Hudson Mayfield,Crew,27
3646,Jack Cariaso,Crew,25
3647,Boris Bialer,Crew,26
3648,Nicholas Thibodeau,Crew,26
3649,Bella Rabeni,Crew,24
3650,Emil Body-Goldberg,Crew,27
3651,John Vail,Crew,24
3652,Cooper Smith,Crew,27
3653,Sam Riley,Crew,27
3654,Maya Conway,Crew,26
3655,Alex Boni,Crew,25
3656,Benjamin Conrad,Crew,26
3657,Caden Meyers,Crew,27
3658,William Beckman,Crew,25
3659,Gabe Lynch,Crew,26
3660,Patrick Wu,Crew,24
3661,Jacqueline Jollay,Crew,26
3662,Noah Rios,Crew,27
3663,Evan Simpson,Crew,26
3664,Heather Barry,Crew,26
3665,Natalie Wiles,Crew,26
3666,Jack Bergman,Crew,24
3667,Erica Burcar,Crew,27
3668,Elijah Sylvester,Crew,26
3669,Ava Reed,Crew,26
3670,William O'Haver,Crew,27
3671,Caroline Henry,Crew,27
3672,Sophia Jaeger,Crew,24
3673,Quinn Schwarz,Crew,25
3674,Emily Edwards,Crew,26
3675,Ella Parker,Crew,25
3676,Anya Gustafson,Crew,25
3677,Matthew Daub,Crew,27
3678,Connor Anderson,Crew,27
3679,Madison Koscielski,Crew,26
3680,Alana Just,Crew,25
3681,Margaret Redinger,Crew,25
3682,Claire DeVoogd,Crew,26
3683,Sara Machtel,Crew,26
3684,Aidan Gurskis,Crew,28
3685,Martha Dwyer,Crew,27
3686,Alexa Bodor,Crew,26
3687,Sophia Dimont,Crew,27
3688,Sebastian Beavers,Crew,26
3689,Berend Vandermeer,Crew,27
3690,Lila Gibson,Crew,26
3691,Matthew Friedman,Crew,27
3692,Vivian Heitkoetter,Crew,27
3693,Mara Oancea,Crew,27
3694,Nolan Cooper,Crew,25
3695,Sophie Menyhart,Crew,27
3696,Viviana Barberi,Crew,24
3697,Tyler Davis,Crew,27
3698,Aedan Pickett,Crew,26
3699,Miguel Sanchez Navarro,Crew,27
3700,Jordan Morris,Crew,23
3701,Marguerite Torres Stickney,Crew,27
3702,Xander Dalke,Crew,27
3703,Will Eggena,Crew,27
3704,Patience Gifford,Crew,27
3705,Jack Brennen,Crew,25
3706,Peter Daugherty-Miller,Crew,25
3707,Lee McKinley,Crew,27
3708,Gwyn McLear,Crew,24
3709,Fiona Naughton,Crew,26
3710,Anjali van Biesen,Crew,23
3711,Allison Hansen,Crew,23
3712,Alya MacManaway,Crew,26
3713,Jack Miller,Crew,26
3714,Kendall Herzog,Crew,26
3715,Aviva Kaplan,Crew,24
3716,Nisha Kimber,Crew,24
3717,Riley Hamilton,Crew,25
3718,Alex Tigges,Crew,26
3719,Hunter Ott,Crew,26
3720,Alden Gort,Crew,26
3721,Nicholas Chesemore,Crew,27
3722,Madeline Shepard,Crew,24
3723,Erica Johnson,Crew,26
3724,Gabrielle Moss,Crew,23
3725,Abigail Lydick,Crew,24
3726,Ella Bilow,Crew,26
3727,Shaanti Choi-Bose,Crew,24
3728,Andrea Riefkohl Gonzalez,Crew,24
3729,Asianna Acosta,Crew,26
3730,Marguerite Montagner,Crew,25
3731,Mark Modzelewski,Crew,23
3732,Grace Keene,Crew,24
3733,Javier Garcon,Crew,25
3734,Gillian Perrell,Crew,24
3735,Spencer Kriegstein,Crew,25
3736,Grace Wright,Crew,26
3737,Joshua Zeelander,Crew,24
3738,Connor Corbett,Crew,26
3739,Kiara Templeton,Crew,24
3740,Owen Timms,Crew,23
3741,Daniel Hughes,Crew,25
3742,Aiana Cayao,Crew,26
3743,Will Broseman,Crew,26
3744,Celia Byrne,Crew,24
3745,Shawn Tirone,Crew,25
3746,Chet Swanson,Crew,23
3747,Henry Tindall,Crew,25
3748,Kadi Zheng,Crew,24
3749,Laurentiu Taritsa,Crew,23
3750,Isabelle Gautier,Crew,26
3751,Benjamin Honig,Crew,26
3752,Isabel Dhar,Crew,23
3753,Daniel Shpigel,Crew,25
3754,Lillian Cardonne,Crew,23
3755,Alec Wyers,Crew,23
3756,Matthew DeWeese,Crew,23
3757,Alecsander Imig,Crew,24
3758,Isabel Kim,Crew,24
3759,Charlotte Shaw,Crew,26
3760,Shay Gualdoni,Crew,25
3761,Quinn Joy,Crew,25
3762,Liam Fitzgerald,Crew,25
3763,Charlotte-Emilie Pirnik,Crew,24
3764,John Fulkerson,Crew,26
3765,Carlota Hopkins Guerra,Crew,22
3766,Emma Montgomery,Crew,22
3767,Ximena Escobar,Crew,25
3768,Marleigh Belsley,Crew,24
3769,Meredith Ryan,Crew,23
3770,Marbella Marlo,Crew,24
3771,Aisling Sullivan,Crew,22
3772,Elizabeth Davis,Crew,21
3773,Catherine Cheung,Crew,24
3774,Sophia Montgomery,Crew,25
3775,Cali Salinas,Crew,23
3776,Elise Donovan,Crew,24
3777,Madeleine McGrath,Crew,22
3778,Caylin Schnoor,Crew,25
3779,Corinne Lee,Crew,23
3780,Eloise Burn,Crew,21
3781,Molly Hanrahan,Crew,22
3782,AnaLucia Clarkson,Crew,22
3783,Lauren Krim,Crew,24
3784,Kaitlin Brzostek,Crew,22
3785,Kieran McMahon,Crew,22
3786,Lauren Grabski,Crew,25
3787,Helen Bechler,Crew,22
3788,Torrey Chisari,Crew,24
3789,Megan Geith,Crew,24
3790,Mikaela Smith,Crew,22
3791,Emma Sullivan,Crew,23
3792,Mary Haley,Crew,23
3793,Calif Chen,Crew,23
3794,Lauren Murphy,Crew,23
3795,Lilly Myers,Crew,23
3796,Elizabeth Harrington,Crew,22
3797,Amelia Popp,Crew,25
3798,Caroline Sandoval,Crew,23
3799,Jack Hogan,Crew,22
3800,Caroline James,Crew,24
3801,Jack Umina,Crew,22
3802,Gwendolyn Hudson,Crew,24
3803,Ana Carrasco Solla,Crew,22
3804,Patricia Gerli,Crew,23
3805,Kit Stoll,Crew,23
3806,Jack Sutton,Crew,22
3807,Sam Thompson,Crew,24
3808,Marcus Adam,Crew,23
3809,Dexter Mueller,Crew,24
3810,Alexander Manthous,Crew,24
3811,Henry Haddon,Crew,25
3812,Caleb Niles,Crew,22
3813,Joseph Paccione,Crew,25
3814,Addi Harris,Crew,24
3815,Natasha Vallett,Crew,25
3816,Samuel Gavula,Crew,24
3817,Oscar MacGillivray,Crew,24
3818,Christian Cushman,Crew,25
3819,Samuel Ephraim,Crew,22
3820,Brady Starck,Crew,25
3821,Nick Chisari,Crew,23
3822,Brandon Geller,Crew,23
3823,Catherine Shakin,Crew,23
3824,Jack Denker,Crew,22
3825,Austin Porras,Crew,23
3826,Mikayla Mathieu,Crew,22
3827,Helen Horangic,Crew,25
3828,Leo Terry,Crew,25
3829,Ruby Hope,Crew,25
3830,Rob Brower,Crew,23
3831,Matt Budington,Crew,25
3832,Abigail Murray,Crew,23
3833,Catherine Morrissette,Crew,24
3834,Harper McKerrow,Crew,23
3835,Izaiah Farr,Crew,23
3836,Magdelaina Putnam,Crew,25
3837,Peter Spoerri,Crew,23
3838,Julia Reynolds,Crew,22
3839,Sonia Lingos-Utley,Crew,22
3840,Pomaika'i Ogata,Crew,24
3841,Reese Bragg,Crew,25
3842,Tyler Masuyama,Crew,23
3843,Jean-Michel Bus,Crew,22
3844,Christopher Long,Crew,23
3845,George Sidamon-Eristoff,Crew,22
3846,Nathan Sih,Crew,25
3847,Matthew Cabot,Crew,24
3848,Jonathan Glander,Crew,24
3849,Cordelia Burn,Crew,25
3850,Alexandra Dorofeev,Crew,25
3851,Erik Volk,Crew,23
3852,Benjamin Markert,Crew,23
3853,Jack Farrell,Crew,23
3854,Kevin Stamp,Crew,22
3855,Eliza Crocker,Crew,23
3856,Clare Laroche,Crew,23
3857,Anisha Arcot,Crew,23
3858,Benjamin Weinstein,Crew,23
3859,Ryan Goldstein,Crew,22
3860,Simon Moreira,Crew,22
3861,William Eykyn,Crew,25
3862,Katherine Wetzel,Crew,23
3863,Izzy Cox,Crew,23
3864,Catherine Webb,Crew,23
3865,Helena Ware,Crew,23
3866,Ariel Wang,Crew,23
3867,Edward Gary,Crew,22
3868,Savannah Young,Crew,25
3869,Becca Rose,Crew,22
3870,Lucas Quinn,Crew,23
3871,Edward Harrison,Crew,22
3872,Drew Clutterbuck,Crew,23
3873,Jackie Morrison,Crew,23
3874,Emily Launderville,Crew,24
3875,Declan McGranahan,Crew,22
3876,Griffin Lapham,Crew,25
3877,Madeleine Sharp,Crew,22
3878,Phoebe Lee,Crew,26
3879,Rose O'Neal,Crew,22
3880,Grace Beneke,Crew,24
3881,Charles Maier,Crew,26
3882,Andres Milne,Crew,26
3883,Richard Kalich,Crew,26
3884,Annecy Kagan,Crew,26
3885,Madeleine Regulla,Crew,25
3886,Nicolas Echarte,Crew,25
3887,Sarah Baker,Crew,24
3888,Madeline Koelbel,Crew,26
3889,Chip Kreuzkamp,Crew,24
3890,Varya Kluev,Crew,25
3891,Noelle Owen,Crew,23
3892,Logan Brickhouse,Crew,21
3893,Olivia Gregg,Crew,22
3894,Kingsland Bland,Crew,23
3895,Madison Leslie,Crew,23
3896,Chris Kiener,Crew,21
3897,Herminio Agront,Crew,22
3898,Samantha Bialek,Crew,24
3899,Samantha Kappaz,Crew,21
3900,Meghan Tilton,Crew,22
3901,Ryan Austin,Crew,22
3902,Charlotte Rose,Crew,22
3903,Jason Makris,Crew,23
3904,Gregory Dillon,Crew,23
3905,Thomas Jagielski,Crew,22
3906,Robin Lamb,Crew,23
3907,Caroline Kessler,Crew,26
3908,Owen Bailey,Crew,25
3909,Liam Lawless,Crew,25
3910,Sparsh Bansal,Crew,22
3911,Ava Wilson,Crew,24
3912,Maggie Hannis,Crew,25
3913,Grace Li,Crew,25
3914,Alexander Miller,Crew,22
3915,Sophia Pearce,Crew,26
3916,Rayne Duff,Crew,25
3917,Joseph Bonacci,Crew,25
3918,Everett Botwinick,Crew,26
3919,Aston Atherton,Crew,26
3920,Raam Fox,Crew,26
3921,Brooks Turcotte,Crew,26
3922,Ian Milko,Crew,26
3923,Diogo Silva,Crew,26
3924,Ethan Tutt,Crew,24
3925,Grace Watlington,Crew,26
3926,Carmen Berg,Crew,26
3927,Ursula Budd,Crew,27
3928,Katie Bowie,Crew,27
3929,Margo Silliman,Crew,25
3930,Olivia Drulard,Crew,27
3931,Kaylee Good,Crew,26
3932,Katharine Kurtz,Crew,24
3933,Perrine Schneegans,Crew,27
3934,Alexis Young,Crew,27
3935,Jaya Wirth,Crew,27
3936,Reade Decker,Crew,27
3937,Kirin Dhaka,Crew,27
3938,Brett Stein,Crew,24
3939,Oliver Nairn,Crew,27
3940,Lucas Woodworth,Crew,27
3941,Elle Sykes,Crew,27
3942,Vera Allen,Crew,27
3943,Abbie Chipps,Crew,25
3944,Lily Ornstein,Crew,26
3945,Isabelle Tsuchitori,Crew,26
3946,Carly Kiss,Crew,25
3947,Vivian Smith,Crew,27
3948,William Ries,Crew,26
3949,Aaron Blust,Crew,24
3950,Jack Derry,Crew,25
3951,Sarah Moeder,Crew,26
3952,Renee Smith,Crew,24
3953,Ashley Highland,Crew,27
3954,Kennedy Leehealey,Crew,26
3955,Emily Mueller,Crew,25
3956,Timmy Gee,Crew,25
3957,Jin Johnson,Crew,24
3958,Frances Donahoe,Crew,24
3959,Amelia Griffith,Crew,25
3960,Jessi Avila-Shah,Crew,25
3961,Peter McGonagle,Crew,25
3962,Anna LaDue,Crew,26
3963,Andrew Powers,Crew,24
3964,Frankie Sparrow,Crew,27
3965,Ada Ucar,Crew,27
3966,Sierra Bornheim,Crew,24
3967,Hali Liu,Crew,25
3968,Gavin Monaghan,Crew,26
3969,Lilly Dubovsky,Crew,27
3970,Jacob Siegel,Crew,26
3971,Alexandra Chigas,Crew,26
3972,Tatem Gee,Crew,27
3973,Hala Gilbert,Crew,26
3974,Jack Hartfelder,Crew,27
3975,Grace Glowczewski,Crew,27
3976,Fritz Baldauf,Crew,24
3977,JJ Drummond,Crew,27
3978,Libby Redmond,Crew,24
3979,Olivia MILLER,Crew,25
3980,Caroline Newton,Crew,27
3981,Ariana Borut,Crew,27
3982,Grace Austin,Crew,27
3983,Cam Spriggs,Crew,27
3984,Michaela ODonnell,Crew,24
3985,Eloise Goedkoop,Crew,27
3986,Julia Miller,Crew,26
3987,Gavin VanManen,Crew,27
3988,Carter Harms,Crew,27
3989,Benjamin Usher,Crew,27
3990,Blake Behrens,Crew,27
3991,Anna Brzezinski,Crew,27
3992,Austin White,Crew,27
3993,Kate Moran,Crew,27
3994,Hazel Johnson,Crew,27
3995,Thomas Erickson,Crew,24
3996,Kathleen Downey,Crew,24
3997,Tom Commander,Crew,27
3998,Olivia Hogan-Lopez,Crew,26
3999,Nigel Yu,Crew,27
4000,Brendan Peary,Crew,27
4001,Clarence Mungai,Crew,27
4002,Jack Taylor,Crew,27
4003,Danielle Bogacheva,Crew,27
4004,Divine Daryl Kengne Mukem,Crew,27
4005,Stephanie Zajczenko,Crew,27
4006,Daniel van Heeckeren,Crew,26
4007,Devon Valenta,Crew,26
4008,Emily Wykoff,Crew,26
4009,Annika Brockman,Crew,24
4010,Yunwen Xu,Crew,27
4011,Valentina Palma,Crew,26
4012,Ella Napolitano,Crew,26
4013,Kelly Bates,Crew,26
4014,Arrieta Angueira Salbidegoitia,Crew,26
4015,Julia Kane,Crew,25
4016,Sarah Besecky,Crew,23
4017,Shelby Svilich,Crew,23
4018,Emilia Ruth,Crew,23
4019,Juliana Ruggieri,Crew,23
4020,Meghan Gonzalez,Crew,23
4021,Caroline Oyster,Crew,24
4022,Lucy Paskoff,Crew,24
4023,Katherine McGagh,Crew,26
4024,Ellie Sekowski,Crew,23
4025,Christopher Wang,Crew,23
4026,Kaleigh Morgan,Crew,24
4027,Ty Ryan,Crew,26
4028,Nora Ong,Crew,23
4029,George Lockwood,Crew,25
4030,Sam Muir,Crew,22
4031,Ellie Harned,Crew,26
4032,Caro Gaston,Crew,25
4033,Garrett Grenauer,Crew,24
4034,Aidan Pesce,Crew,26
4035,Diego Escobar,Crew,25
4036,Henry McPherson,Crew,25
4037,Sydney Zoehrer,Crew,24
4038,Matheo Graham-capasso,Crew,26
4039,Ted Bjerregaard,Crew,23
4040,Lauren Miller,Crew,23
4041,Jondall Norris,Crew,25
4042,Matthew Hamelsky,Crew,23
4043,Alex Makoid,Crew,25
4044,Mia Snyder,Crew,26
4045,Nellie Ross,Crew,26
4046,Hannah Sellers,Crew,26
4047,Carson Rozell,Crew,23
4048,Andrew Tran,Crew,23
4049,Raquel Shulman,Crew,25
4050,Adam Elci,Crew,26
4051,Joseph Goldstein,Crew,23
4052,Caleb Adams-Hull,Crew,23
4053,Jake Coughlin-ramassini,Crew,26
4054,Sam Whipple,Crew,25
4055,Alex Provasnik,Crew,25
4056,Jack Dunham,Crew,25
4057,CJ Ricci,Crew,24
4058,Madeleine Montagner,Crew,22
4059,John Seider,Crew,22
4060,Wade Anthony,Crew,24
4061,Hannah Mailey,Crew,25
4062,Megan Callis,Crew,24
4063,Charles Cannon,Crew,22
4064,Taylor Snyder,Crew,24
4065,Leigha Forrest,Crew,24
4066,Caroline Maloney,Crew,22
4067,William Woodward,Crew,25
4068,Thomas Isberg,Crew,25
4069,Hunter Sugg,Crew,23
4070,Emma Smith,Crew,24
4071,Rachel Bernstein,Crew,22
4072,Thomas Norman,Crew,23
4073,Braeton Oliver,Crew,23
4074,Anna O'Connell,Crew,22
4075,Maddie Sharpe,Crew,23
4076,Carly Wardius,Crew,23
4077,Warren Wegener,Crew,23
4078,Edmund McAlister,Crew,24
4079,Rohit Rajan,Crew,26
4080,Sara Flowerday,Crew,22
4081,Elizabeth Keller,Crew,22
4082,Noah Wetz,Crew,25
4083,Kayla Smith,Crew,17
4084,Maia Brydon,Crew,23
4085,Kathleen Chellman,Crew,22
4086,Reilly Linn,Crew,23
4087,Allison Rice,Crew,23
4088,Christopher Sharpless,Crew,23
4089,Sam Spencer,Crew,24
4090,Samuel Bartel,Crew,22
4091,Spencer Barnes,Crew,24
4092,Eva Bambakidis,Crew,22
4093,Maisie MacGillivray,Crew,25
4094,Chai Mauliola,Crew,24
4095,Matthew Beretta,Crew,23
4096,Carter Brock,Crew,22
4097,Diego Torres,Crew,24
4098,Adeline Spencer,Crew,25
4099,Brooke Rodgers,Crew,23
4100,Brandon Rudman,Crew,24
4101,Bridget Smith,Crew,23
4102,Ciara Harding,Crew,22
4103,Joseph Hou,Crew,22
4104,Sofiya Gaffke,Crew,22
4105,Victoria Medina,Crew,24
4106,Major McConal,Crew,24
4107,Liza Veselova,Crew,23
4108,Jeremiah Johnson,Crew,24
4109,John Scranton,Crew,22
4110,Paige Theodosopoulos,Crew,25
4111,Joseph Zubelik,Crew,25
4112,Nick Harrington,Crew,23
4113,Manuel Morillo,Crew,23
4114,Sean Lund,Crew,26
4115,Tarragh Horner,Crew,25
4116,Christopher Fridlington,Crew,24
4117,Juliana DeMarco,Crew,26
4118,Jonathan Eaton,Crew,26
4119,Tim Rybecky,Crew,25
4120,Jack Prior,Crew,27
4121,Finley Regan,Crew,27
4122,Andrew Selian,Crew,27
4123,Porter Bell,Crew,26
4124,Jeremiah Romagnoli,Crew,26
4125,Calvin Schmid,Crew,26
4126,Ella Barnard,Crew,24
4127,Julia Oglevie,Crew,26
4128,Herbert Single,Crew,27
4129,Aliyah Dodge,Crew,25
4130,Enzo Dougherty,Crew,27
4131,Renee Chien,Crew,25
4132,Grace Smith,Crew,24
4133,Tillie Jane LeRoy,Crew,27
4134,Dylan Zink,Crew,27
4135,Stephanie Seto,Crew,27
4136,Amelia Donhauser,Crew,25
4137,Carolyn Harmon,Crew,26
4138,Jack Beeson,Crew,26
4139,Allegra McAlpin,Crew,27
4140,Kate Ryan,Crew,25
4141,Varoon Enjeti,Crew,25
4142,Jenna Hiegel,Crew,25
4143,Robin Potter,Crew,25
4144,Annabelle Wyman,Crew,25
4145,Mary Wallace,Crew,27
4146,James Burge,Crew,24
4147,David Chege,Crew,27
4148,Jackson Hurd-Messom,Crew,27
4149,Ellie Dripps,Crew,27
4150,Oliver Hoppe,Crew,27
4151,Emilia Oliver,Crew,26
4152,Lauren Kirk,Crew,25
4153,Kieran Elliott,Crew,26
4154,Mason Chapman,Crew,26
4155,Joshua Bendura,Crew,26
4156,Jonathan Kelly,Crew,23
4157,Zachary York,Crew,24
4158,Jonathan Riley,Crew,23
4159,Lucia Loosbrock,Crew,25
4160,Jack Redmond,Crew,26
4161,Teddy Nicolosi,Crew,24
4162,Harris Padegs,Crew,23
4163,Ryan Potter,Crew,24
4164,Annabelle Ayer,Crew,22
4165,Sam Dutilly,Crew,24
4166,Rocco Cappetta,Crew,24
4167,John Glenn,Crew,22
4168,Elizabeth van der Voort,Crew,25
4169,Alexandra Barron,Crew,24
4170,Aliya Ismagilova,Crew,22
4171,Yumi Yoshiyasu,Crew,24
4172,Dylan Ascencios,Crew,24
4173,Colman Schofield,Crew,25
4174,Thomas Hall,Crew,25
4175,Mason Dunbar,Crew,24
4176,Matthew Lindburg,Crew,25
4177,Kathryn Lance,Crew,24
4178,Katy Priest,Crew,22
4179,Karlie Bonds,Crew,23
4180,Eloise Glickman,Crew,24
4181,Allison Sasaki,Crew,24
4182,Eric Newell,Crew,24
4183,amelia kau,Crew,23
4184,Sarah Kahle,Crew,22
4185,Ethan Heckman,Crew,24
4186,Elisabeth Grace Diemer,Crew,26
4187,Mason Pirner,Crew,25
4188,Lauren McClintock,Crew,25
4189,McKinley Seecof,Crew,26
4190,Samyel Macray,Crew,26
4191,Ethan Eschbach,Crew,25
4192,Aaron Heard,Crew,25
4193,Audrey Lillie,Crew,26
4194,Kathryn Drennan,Crew,26
4195,Elisabeth Schreiner,Crew,25
4196,Calvin Blaser,Crew,25
4197,John Kish,Crew,23
4198,Sophie Shafer,Crew,26
4199,Khalia Mork,Crew,26
4200,Annabelle Hutchinson,Crew,21
4201,Jin Johnson,Crew,23
4202,Casey Gale,Crew,22
4203,Catherine McClenahan,Crew,21
4204,Jessica Friedman,Crew,22
4205,Elizabeth Rolfes,Crew,21
4206,Caroline Teare,Crew,21
4207,Madison Bashaw,Crew,24
4208,Grace Siwicki,Crew,22
4209,Theresa McComiskey,Crew,22
4210,Olivia van den Born,Crew,21
4211,Grace Flanagan,Crew,23
4212,Sophia Taczak,Crew,21
4213,Maya Rabinowitz,Crew,21
4214,Lillian Andersen,Crew,21
4215,Taylor Milefchik,Crew,22
4216,Isabel Smith,Crew,24
4217,Hannah Freeman,Crew,24
4218,Lindsay Powers,Crew,21
4219,Eileen Mehrkens,Crew,25
4220,Mathew Hogan,Crew,21
4221,Liam Gronda,Crew,25
4222,Anna Lindberg,Crew,25
4223,Morgan Essex,Crew,24
4224,Wiley Rogers,Crew,22
4225,Harrison Bailey,Crew,22
4226,Jana Laurendeau,Crew,23
4227,Adrian Stone,Crew,25
4228,Jarret Monroe,Crew,23
4229,Anna Sherry,Crew,23
4230,Elisabeth Bowman,Crew,22
4231,Pierce Ornstein,Crew,22
4232,Emily Alfortish,Crew,25
4233,Alice Schmid,Crew,27
4234,Grace Austin,Crew,24
4235,Payton Ruth,Crew,26
4236,Lauren Salmi,Crew,26
4237,Dylan Gorman,Crew,25
4238,Lilly Baker,Crew,27
4239,Morgan Carew,Crew,25
4240,Martha Schuessler,Crew,27
4241,Samantha Jensen,Crew,24
4242,Anna Kalabukhova,Crew,24
4243,Audrey Commerford,Crew,25
4244,Alexis Tamm,Crew,26
4245,Peyton Lieser,Crew,26
4246,Ellie Spearman,Crew,25
4247,Mia Nicolosi,Crew,25
4248,Olivia Hoover,Crew,27
4249,William Michels,Crew,25
4250,Aidan Hoogland,Crew,24
4251,Parker Colantuono,Crew,22
4252,Colleen O'Brien,Crew,24
4253,Walter Henry,Crew,23
4254,Ciara Rodriguez-Horan,Crew,22
4255,Rebecca Schill,Crew,27
4256,Gray Hemans,Crew,25
4257,Blaire McCarthy,Crew,23
4258,Islay Van Dusen,Crew,23
4259,Sarah Young,Crew,25
4260,Vivian Bonsager,Crew,25
4261,Isabella Bentz,Crew,24
4262,Alison Rosengren,Crew,22
4263,Meredith Moran,Crew,23
4264,Megan Geith,Crew,23
4265,Rachel Shapiro,Crew,22
4266,Emma Cowles,Crew,25
4267,Emma Komis,Crew,26
4268,Madeleine Rice,Crew,24
4269,Madeleine Hughes,Crew,26
4270,Kaitlyn Liebel,Crew,26
4271,Kyra Phelan,Crew,26
4272,Katy Heaney,Crew,23
4273,Aili Moffet,Crew,23
4274,Emily Davison,Crew,24
4275,Maggie Menefee,Crew,25
4276,Jed Lory,Crew,27
4277,Aidan Iaconis,Crew,26
4278,John Majernik,Crew,25
4279,Robert Chase,Crew,26
4280,Noah Kuzloski,Crew,27
4281,Mary Castellini,Crew,25
4282,Kaile Olson,Crew,27
4283,Cole Woodworth,Crew,26
4284,Stephan Baker,Crew,26
4285,Carter Sheehan,Crew,27
4286,Jackson McAliley,Crew,27
4287,Hope Breslin,Crew,26
4288,James Paul,Crew,23
4289,Mitchell Callahan,Crew,26
4290,Xavier Stoldt,Crew,26
4291,Giovanni Perrotti,Crew,27
4292,Emma Shakespeare,Crew,24
4293,Owen Bannasch,Crew,26
4294,CJ Ricci,Crew,25
4295,Robert Upton,Crew,27
4296,Robby Meek,Crew,27
4297,Ava Brimicombe,Crew,25
4298,Miles Williams,Crew,24
4299,Peter Busch,Crew,26
4300,Maddie Hawkins,Crew,24
4301,Morgana Manti,Crew,26
4302,Megan Grimes,Crew,24
4303,Sophie Fisher,Crew,26
4304,Chloe Holder,Crew,23
4305,Sydney Monahan,Crew,23
4306,Thomas Sitzmann,Crew,27
4307,Sam Bonauto,Crew,25
4308,Kurt Stuebe,Crew,27
4309,Noah Zittrer,Crew,26
4310,John (Jack) Plavan,Crew,23
4311,Sofia Segalla,Crew,25
4312,Jedidiah Bechtel,Crew,26
4313,Mack Brooks,Crew,21
4314,John Walton,Crew,22
4315,Scott Mais,Crew,23
4316,Tucker Weed,Crew,22
4317,Chiara Perotti Correa,Crew,22
4318,Keevan Tallon,Crew,21
4319,Jesse Price,Crew,22
4320,Hunter Skinner,Crew,20
4321,scarlett harris,Crew,28
4322,chloe anderson,Crew,29
4323,Jonathan Matney,Crew,27
4324,Aliyah Oakley,Crew,27
4325,Meredith Endres,Crew,26
4326,Jane Wright,Crew,28
4327,Can Pekkan,Crew,28
4328,Charlie Bullock,Crew,25
4329,Edie Pressel,Crew,26
4330,Audrey Craig,Crew,25
4331,Mary Govan,Crew,27
4332,Arturo Soriano,Crew,26
4333,Kiara-Lee Wright,Crew,27
4334,Iliana Vasslides,Crew,27
4335,Carmen Benitez,Crew,27
4336,Katherine Anderson,Crew,27
4337,Dasha George,Crew,28
4338,Morgan Rathjen,Crew,28
4339,Charlotte McCoy,Crew,28
4340,Sarah Sajadi,Crew,25
4341,Peyton Hadfield,Crew,27
4342,Erin Little,Crew,28
4343,Maggie Sandbeck,Crew,24
4344,Paige Roby,Crew,26
4345,Sudi Zhao,Crew,26
4346,Daniella Bregman,Crew,25
4347,Dawson Chambers-Tartaglino,Crew,27
4348,Celia Houston,Crew,25
4349,Kaitlyn Hamilton,Crew,26
4350,Mairéad Reitzel,Crew,28
4351,Emma Bellotte,Crew,27
4352,Bryson Eaton,Crew,28
4353,John Cole McGee,Crew,26
4354,Olivia Soucy,Crew,28
4355,Sebastian Helgesen,Crew,27
4356,Changtaj Li,Crew,27
4357,Evelyn Hannah,Crew,28
4358,Yolanda Fan,Crew,27
4359,Taylor Bulwinkle,Crew,28
4360,Thomas Hester,Crew,27
4361,Damian Uzonwanne,Crew,27
4362,Macguire Reilley,Crew,26
4363,Jackson Morrice,Crew,25
4364,Caroline Felser,Crew,28
4365,Tomas Riccio,Crew,28
4366,Julian Henderson,Crew,27
4367,Mackenzie Speece,Crew,28
4368,Spencer Asofsky,Crew,25
4369,Ethan Martin,Crew,28
4370,Nat Altuzar,Crew,27
4371,Julia Overmyer,Crew,27
4372,Dean Balcirak,Crew,25
4373,Ali McIntyre,Crew,27
4374,Sam Puleio,Crew,28
4375,Zara Bennett,Crew,28
4376,Olivia Lowthian,Crew,25
4377,Annabel Woodworth,Crew,28
4378,Rowan Henkes,Crew,28
4379,Audrey Foley,Crew,28
4380,Caroline Leicht,Crew,28
4381,Elizabeth Wire,Crew,28
4382,Pauline Petersen,Crew,26
4383,Emery Diemar,Crew,28
4384,Benjamin Luu,Crew,27
4385,Michael Cunniff,Crew,26
4386,Sasha Gordon,Crew,28
4387,Marin Soderberg,Crew,28
4388,Phoebe Hackett,Crew,28
4389,Gabriella Fields,Crew,28
4390,Olivia Spada,Crew,28
4391,Reese Corckran,Crew,28
4392,Violet Martin,Crew,28
4393,Demetry Spinola,Crew,26
4394,Reid Nelson,Crew,27
4395,Emily Grevell,Crew,27
4396,Mary Catherine Hill,Crew,27
4397,Elizabeth Crane,Crew,26
4398,Adam Ginsburg,Crew,25
4399,Daniel Robbins,Crew,26
4400,Alexandra Terres,Crew,24
4401,Maasai Thornton,Crew,26
4402,Sam Schuhwerk,Crew,27
4403,Hayden Lamb,Crew,24
4404,Benjamin D’Amico,Crew,27
4405,Thomas Disharoon,Crew,27
4406,UMD TEST,Crew,25
4407,Emma Friedauer,Crew,26
4408,Ian Harman,Crew,26
4409,Sophie Brett,Crew,25
4410,Sonali Cowieson,Crew,25
4411,Ava Arepally,Crew,27
4412,John Richards,Crew,26
4413,John Medlock,Crew,26
4414,Mariela Solorzano,Crew,23
4415,Ryan Froeb,Crew,27
4416,Anthony Lattanzio,Crew,27
4417,Andrew Tollefson,Crew,26
4418,Lizzy Paci,Crew,26
4419,Myles King,Crew,26
4420,Henry Parker,Crew,26
4421,William Avery,Crew,27
4422,Acadia Biener,Crew,25
4423,Nicole Morikawa,Crew,25
4424,Ryan Thompson,Crew,26
4425,Caleb Ockman,Crew,25
4426,Brendan OBrien,Crew,27
4427,Maryanne Ringuette,Crew,26
4428,Sophia Morgan,Crew,25
4429,Aleksandra Jacewicz,Crew,25
4430,Lily Moore,Crew,26
4431,Mridhula Subramanian,Crew,25
4432,Laura Hamilton,Crew,27
4433,Caleb Cogan,Crew,26
4434,Dagny Scannell,Crew,25
4435,Elizabeth Price,Crew,25
4436,Vincent Nguyen,Crew,25
4437,Katie Lee,Crew,23
4438,Hannah Budner,Crew,23
4439,Millay Metz,Crew,26
4440,Patrick Hartshorne,Crew,24
4441,Kate Constan,Crew,26
4442,Phillip Furlong,Crew,25
4443,Benjamin Francis,Crew,25
4444,Ben Muchin,Crew,24
4445,Elizabeth Fortunato,Crew,23
4446,Shannon Brecher,Crew,26
4447,Gabrielle Buffaloe,Crew,23
4448,Ava Walker,Crew,23
4449,Mateo Manzanares,Crew,23
4450,Charles Degen,Crew,23
4451,Jesse Barba,Crew,24
4452,Dexter Mueller,Crew,23
4453,Peyton Bernstein,Crew,24
4454,Colin Miedler,Crew,26
4455,Jarred Hosking,Crew,26
4456,Cecilia Adams,Crew,23
4457,Sahil Khatnani,Crew,25
4458,Abigail Fennelly,Crew,24
4459,Isabel Eddy,Crew,24
4460,Annie Tims,Crew,26
4461,Camila Heredia,Crew,26
4462,Annabelle Williams,Crew,24
4463,Lauren Russler,Crew,26
4464,Charlie Pohl,Crew,26
4465,Alex Da Rosa,Crew,24
4466,Jono Guinan,Crew,26
4467,Calvin May,Crew,26
4468,Molly Roden,Crew,26
4469,Emily Rosenthal,Crew,26
4470,Kelsey Kennedy,Crew,22
4471,Stephen Walters,Crew,23
4472,Phillip Thoma,Crew,23
4473,Michaela Maclean,Crew,23
4474,Sophie Inglis,Crew,22
4475,brandon Baswell,Crew,22
4476,Valerie Schuster,Crew,22
4477,Andrew Horvat,Crew,24
4478,Laura Prince,Crew,24
4479,Marcelo Bernath Piccolotto,Crew,22
4480,Clara Brown,Crew,22
4481,Victoria O’Hara,Crew,22
4482,Nicholas Peluchiwski,Crew,22
4483,Maddy Gallagher,Crew,22
4484,Spencer Turbin,Crew,24
4485,frannie lambie,Crew,23
4486,Shep Thieme,Crew,25
4487,Quinn Rowe,Crew,22
4488,Joseph Morris,Crew,22
4489,Daniel Timofeev,Crew,22
4490,Samuel Delasanta,Crew,24
4491,Charles Soucey,Crew,22
4492,Jorge Zreik,Crew,22
4493,Zachary Spaeder,Crew,23
4494,Mackenna Caryl,Crew,22
4495,Danielle Powell,Crew,22
4496,Robert Rubin,Crew,23
4497,Adam Hano,Crew,23
4498,Jack Murray,Crew,22
4499,Liliana Taub,Crew,24
4500,Isabel D'Angelo,Crew,24
4501,Shalom Fadullon,Crew,22
4502,Amanda Hong,Crew,22
4503,Emily Noble,Crew,25
4504,Matthew Lotier,Crew,22
4505,Josey Buescher,Crew,22
4506,Caroline Ashby,Crew,23
4507,Breanna Brobst,Crew,22
4508,Andreas Keswater,Crew,23
4509,Kiera Oreardon,Crew,22
4510,Ella Smith,Crew,24
4511,Ryan Ringel,Crew,25
4512,Franklin Tillman,Crew,21
4513,Fredrikke Foss,Crew,25
4514,Heidi Hicks,Crew,25
4515,Alec Deakin,Crew,23
4516,Isabelle Bicks,Crew,22
4517,James Corckran,Crew,23
4518,Emily Learn,Crew,23
4519,Camille Nastasi,Crew,22
4520,Parker Bunting,Crew,22
4521,Rebekah Morrison,Crew,23
4522,Genna Viggiano,Crew,22
4523,Benjamin Garretson,Crew,24
4524,Ruohan Ding,Crew,23
4525,Grace Aronsohn,Crew,24
4526,Jacqueline Rice,Crew,24
4527,Maya Saterson,Crew,22
4528,Shana Weitzen,Crew,25
4529,Amelia Boivin,Crew,22
4530,Lucy Mulvihill,Crew,22
4531,Leyton Borcherding,Crew,25
4532,Mateo Farina,Crew,25
4533,Nicholas Salvesen,Crew,22
4534,Gigi Diserio,Crew,22
4535,Emerson Campbell,Crew,22
4536,Marit Lebakken,Crew,23
4537,Anika Martz,Crew,22
4538,Alden Sahi,Crew,25
4539,Samuel Barrett,Crew,25
4540,Sarah Jane O’Connor,Crew,24
4541,Ali Zaidi,Crew,24
4542,Christina Mock,Crew,24
4543,Emily DeLossa,Crew,24
4544,Keller Morrison,Crew,25
4545,Alli Fischman,Crew,23
4546,Dominic Ioime,Crew,23
4547,Teo Flesher,Crew,23
4548,Jack Leahy,Crew,25
4549,Colin Martz,Crew,25
4550,Carolyn Wang,Crew,23
4551,Keilah Stypulkoski,Crew,23
4552,Schuyler Bartlett,Crew,25
4553,Maggie Alter,Crew,22
4554,Cassia Lee,Crew,23
4555,Lillian Pinciaro,Crew,25
4556,Adam Larzelere,Crew,25
4557,Jean Wanlass,Crew,25
4558,Zoe Chen,Crew,23
4559,Lynne Li,Crew,24
4560,Ryan Smart,Crew,22
4561,Tate Bothner,Crew,25
4562,Tegan Tanner,Crew,23
4563,James Jagielski,Crew,25
4564,Jonah Raymond,Crew,22
4565,David Tarazi,Crew,22
4566,Dorothy Waskow,Crew,22
4567,Kathryn DeChambeau,Crew,22
4568,Meg Woolverton,Crew,27
4569,Stevie Thomsen,Crew,27
4570,Dylan Balunas,Crew,28
4571,Lanie Ferrarone,Crew,28
4572,Kate Castleberry,Crew,28
4573,Stephanie Charbonnier,Crew,27
4574,Sage Andrews,Crew,28
4575,Eliza Loring,Crew,28
4576,Amelia Traver,Crew,28
4577,Julia Downey,Crew,27
4578,Isabella Cho,Crew,27
4579,Joy Kim,Crew,25
4580,Lucy Murphy,Crew,28
4581,Abigail Furlanetto,Crew,28
4582,Isabel Walchli,Crew,28
4583,Aric Duncan,Crew,27
4584,Simone Ford,Crew,28
4585,Maizie Bartlett,Crew,27
4586,Grace Kokkotos,Crew,27
4587,Anders Landgren,Crew,25
4588,Salomé Vuarlot,Crew,28
4589,Adrien Blanc,Crew,27
4590,Andrew Blagden,Crew,28
4591,Andrea Melnik,Crew,27
4592,Ben Stevenson,Crew,27
4593,Alexander Tielens,Crew,28
4594,Benjamin Ribble,Crew,28
4595,"Boone ""Showtime"" Morgan",Crew,26
4596,Mia Petritz,Crew,28
4597,Griffin Beaulieu,Crew,27
4598,Zuzanna Ignaszak,Crew,25
4599,Katie Hanley,Crew,26
4600,Joseph Morgan,Crew,27
4601,Chloe Whitesell,Crew,28
4602,Connor Johnson,Crew,25
4603,Audrey Drabenstott,Crew,28
4604,Paige Lubrano,Crew,26
4605,Cheyenne Dooley,Crew,28
4606,Avery Guck,Crew,28
4607,Macy Parke,Crew,28
4608,catherine brennan,Crew,26
4609,Rebekka Perinne,Crew,26
4610,Joshua Osborne,Crew,27
4611,Taylor Collison,Crew,28
4612,Natalie Dunlap,Crew,28
4613,Hudson Carnahan,Crew,28
4614,Mercedes Newland Cespedes,Crew,24
4615,Nathan Willhite,Crew,27
4616,Maddie Smith,Crew,27
4617,Sean Clark,Crew,25
4618,Jordi Malaret,Crew,27
4619,Alexa Quinn,Crew,26
4620,Ella Beck,Crew,26
4621,JB Settcase,Crew,25
4622,Iain McSweeney,Crew,25
4623,Skyler Fokine,Crew,27
4624,Mia Del Duco,Crew,27
4625,Andrew Champagne,Crew,26
4626,Alexandra LaCerda-Jones,Crew,27
4627,Matthew Back,Crew,24
4628,Eric D'Urso,Crew,26
4629,Molly Sheridan,Crew,25
4630,Jacob Suter,Crew,25
4631,Naylan Pool,Crew,26
4632,Benjamin Armstead,Crew,26
4633,Shriya Deshmukh,Crew,24
4634,Nicholas Armantrout,Crew,26
4635,Grace Vance,Crew,26
4636,Annabelle Brameld,Crew,27
4637,Maeve Katics,Crew,26
4638,Caroline Friendly,Crew,27
4639,Isabela Hillmann,Crew,27
4640,Alice Nuyttens,Crew,27
4641,Harrison Trout,Crew,27
4642,Peter Lobaugh,Crew,24
4643,Vaughn Slatoff,Crew,26
4644,Olivia Bartilucci,Crew,24
4645,Susie Foster,Crew,23
4646,Roberto Lugones,Crew,24
4647,Ben Hosford,Crew,25
4648,Aidan Peck,Crew,26
4649,Adler Weber,Crew,25
4650,Peter Jordan,Crew,23
4651,Courtney Tally,Crew,23
4652,Charlie Kantor,Crew,25
4653,Aidan Michelow,Crew,21
4654,Maple Buescher,Crew,25
4655,Jan-philipp pps1007,Crew,26
4656,Jade Pinto,Crew,25
4657,Molly McMahon,Crew,23
4658,Lillian Shattuck,Crew,25
4659,Tyler Nash,Crew,26
4660,Lucas Masiello,Crew,23
4661,Samantha Gulachenski,Crew,25
4662,John Eastman,Crew,25
4663,Teddy Horangic,Crew,25
4664,Keira Fowler,Crew,26
4665,Eloise (Ellie) Pieper,Crew,23
4666,Alasdair McDermott,Crew,26
4667,Abigail Lenox,Crew,23
4668,Sam Monaghan,Crew,24
4669,William Popovich,Crew,22
4670,Teddy Prokop,Crew,23
4671,Shelby Level,Crew,24
4672,Erin Walsh,Crew,24
4673,Casey Flammini,Crew,24
4674,Bill Monroe,Crew,25
4675,Ava Downey,Crew,24
4676,Jolene Jirousek,Crew,25
4677,Abby Lefton,Crew,23
4678,Turner Franco,Crew,24
4679,Corinne Nedeau,Crew,22
4680,Roch Gagnon,Crew,25
4681,Joshua Durst,Crew,22
4682,Lena Bercz,Crew,22
4683,Adora Stephenson,Crew,25
4684,Nicholas Silecky,Crew,25
4685,megan keller,Crew,24
4686,Justin York,Crew,22
4687,Grace Goszkowicz,Crew,22
4688,William Butler,Crew,23
4689,Miles Bryant,Crew,24
4690,Catherine McClure,Crew,23
4691,Maclain McAllister,Crew,24
4692,Jessie Kasper,Crew,23
4693,Robert Rennard,Crew,24
4694,Griffin Boothby,Crew,25
4695,Blake Salisbury,Crew,22
4696,Eddie O’Keefe,Crew,25
4697,Julia Chapman,Crew,21
4698,Sarah Ward,Crew,24
4699,Sydney Register,Crew,22
4700,Kathy Callaghan,Crew,22
4701,Myles McKnight,Crew,23
4702,Joseph Kratz,Crew,24
4703,Evan Spalding,Crew,24
4704,Jack Nusbaum,Crew,22
4705,Patrick McBride,Crew,25
4706,Elliot Ocheltree,Crew,24
4707,Morgan Swit,Crew,24
4708,Emily O'Connell,Crew,24
4709,Benjamin Chitterling,Crew,25
4710,Kathryn Winters,Crew,23
4711,Raymond Domena,Crew,23
4712,Liv Manula,Crew,23
4713,Saige Teti,Crew,23
4714,Aislinn O'Brien,Crew,22
4715,Katelyn Howe,Crew,22
4716,Robert Jacobs,Crew,23
4717,Nathan Graves,Crew,22
4718,Theodor Waalberg,Crew,22
4719,Maggie Wisner,Crew,24
4720,Tristan Walker,Crew,22
4721,Benjamin Mazzucco,Crew,24
4722,Gavin Sanborn,Crew,25
4723,Grace Hering,Crew,22
4724,Chase Reynolds,Crew,23
4725,William Skelly,Crew,25
4726,Benjamin Haddad,Crew,24
4727,Margaret Benson,Crew,23
4728,Elizabeth Lonergan,Crew,22
4729,Felix Nizet,Crew,23
4730,Axel Grundberg Rydmark,Crew,27
4731,Audrey Bilotta,Crew,26
4732,Genevieve Gordon,Crew,28
4733,Colin Kenny,Crew,28
4734,Edward Herman,Crew,28
4735,Aurora Meunier Mott,Crew,28
4736,Nicholas David,Crew,26
4737,Damien Pearl,Crew,26
4738,Oscar Tesniere,Crew,28
4739,Alex Oh,Crew,28
4740,Tim Nguyen,Crew,28
4741,Gabrielle Trinter,Crew,27
4742,John Mason,Crew,28
4743,Viki Fernandez,Crew,26
4744,William Bourell,Crew,28
4745,Zara Haider,Crew,27
4746,Xavier Ayala Vermont,Crew,27
4747,Sarah Leary,Crew,28
4748,Damien Bocan,Crew,27
4749,Gregg O’Rourke,Crew,28
4750,Eli Silverman,Crew,25
4751,Ryan Becker,Crew,29
4752,Puiyee Kong,Crew,27
4753,Dory Russell,Crew,28
4754,Lauren Mukavitz,Crew,27
4755,Madeleine Jarbeau,Crew,28
4756,Beatrix Stewart-Stand,Crew,27
4757,June Roe,Crew,28
4758,Megan Burns,Crew,27
4759,Madeleine Ewing,Crew,28
4760,Ariana Schwartz,Crew,27
4761,Weronika Wozny,Crew,27
4762,Peter Joslin,Crew,26
4763,Amelie Zucker,Crew,28
4764,Henry Lee,Crew,24
4765,Caroline Sibilly,Crew,26
4766,Daniel Heitz,Crew,26
4767,Alexandra Music,Crew,25
4768,Evan Inscoe,Crew,25
4769,Max Stevens,Crew,27
4770,William Altizer,Crew,26
4771,May Proctor,Crew,27
4772,Leo Bergmann,Crew,26
4773,Carson Fowler,Crew,25
4774,Gwendolyn Tripp,Crew,26
4775,Parker Sutt,Crew,26
4776,Caspar Dicke,Crew,27
4777,jacob budd,Crew,27
4778,William Bell,Crew,27
4779,Gavin Good,Crew,27
4780,Caz Doyle,Crew,27
4781,Kaitlyn Warren,Crew,27
4782,Kylie Coxon,Crew,27
4783,Henry Scholz,Crew,27
4784,Aidan Cunningham,Crew,26
4785,Charles Bresnahan,Crew,24
4786,Graham Reichhelm,Crew,25
4787,Liam Suarez,Crew,25
4788,Robert Barrineau,Crew,26
4789,Emily Ladines,Crew,23
4790,Kate Pierce,Crew,24
4791,Julia Cieszeski,Crew,23
4792,Brylie Schaubach,Crew,26
4793,Riley Oxnard,Crew,23
4794,William Wilder,Crew,26
4795,Blaine Garner,Crew,25
4796,Riley Elkins,Crew,26
4797,Emma Ferber,Crew,25
4798,Danny Fu,Crew,26
4799,Emma McDonnell,Crew,26
4800,Anna Olsen,Crew,25
4801,Benjamin Lindo,Crew,26
4802,Tim Lyons,Crew,26
4803,Patrick Stevenson,Crew,23
4804,alix coronas,Crew,23
4805,Adam Strobridge,Crew,26
4806,Youmans Yuan,Crew,26
4807,Jake Lacoche,Crew,26
4808,Roan Iribarren,Crew,24
4809,Mary Foley,Crew,23
4810,Micky Munns,Crew,23
4811,Jack Culton,Crew,26
4812,Patrick Mulcahy,Crew,23
4813,Theodore Taylor,Crew,25
4814,Marco Distel,Crew,25
4815,Cassandra Kohlhepp,Crew,21
4816,Karoline Tyrrell,Crew,22
4817,Anthony Russo,Crew,22
4818,Anna Millbourn,Crew,22
4819,Ian McMillion,Crew,23
4820,Ethan Godfry,Crew,24
4821,Michael Kaufman,Crew,22
4822,Meredith McIntosh,Crew,22
4823,Abigail Hendershot,Crew,24
4824,Kyle Bramson,Crew,24
4825,Dario Cannistra,Crew,22
4826,Hannah Fay,Crew,24
4827,Alexander Nagle,Crew,23
4828,Jensen Nida,Crew,24
4829,Maddie Taylor,Crew,24
4830,Alaina Vollmar,Crew,23
4831,Wyatt Fogg,Crew,23
4832,Courtney King,Crew,24
4833,Cindy Tian,Crew,23
4834,Hadley O'Sullivan,Crew,23
4835,Haley Kent,Crew,23
4836,Arden Astin,Crew,24
4837,Natalie Samuels,Crew,23
4838,Lexie Foos,Crew,22
4839,Jessica Crawford,Crew,23
4840,Gracie Goodman,Crew,23
4841,Madison Henning,Crew,25
4842,Reed Carlman,Crew,24
4843,Lance Dinino,Crew,25
4844,Sammy Weidenthal,Crew,27
4845,Alice Maffie,Crew,27
4846,Byars Langdon,Crew,27
4847,Helena English,Crew,28
4848,Ashtyn Tierney,Crew,28
4849,William Hurd,Crew,27
4850,Ava Stevens,Crew,28
4851,Sabrina Anderson,Crew,28
4852,Erin McDonagh,Crew,28
4853,Martins Atilla,Crew,27
4854,Hope Campbell,Crew,28
4855,Jackson Manley,Crew,27
4856,Harrison Thomson,Crew,26
4857,Julia Scott,Crew,27
4858,Jenna Princing,Crew,28
4859,Caitlyn Schwartz,Crew,28
4860,Maya Burns,Crew,27
4861,Lydia Woolson,Crew,28
4862,Claire Poremba,Crew,27
4863,Penelope Whiteside,Crew,28
4864,Brooke Kelley,Crew,28
4865,Lucy Zinn,Crew,28
4866,Natalie Fear,Crew,28
4867,Haley Andreasen,Crew,25
4868,Piper Blackband,Crew,28
4869,Christina Chen,Crew,27
4870,Ellison Fleming,Crew,26
4871,Gabrielle Byrne,Crew,26
4872,Lucy Elvart,Crew,28
4873,Nora Hinsch,Crew,27
4874,Jamie Morin,Crew,28
4875,Charles Case,Crew,26
4876,Aiesha Shekhar,Crew,28
4877,Rowan Magee,Crew,28
4878,Katherine Bachmann,Crew,28
4879,Dee McCormick,Crew,28
4880,Emilia Perriera,Crew,28
4881,Olivia Colantuonio,Crew,28
4882,Kate Joslin,Crew,28
4883,Quinn Brighton,Crew,27
4884,Mikaela Williams,Crew,27
4885,Logan Teeple,Crew,28
4886,Olivia Blackmer,Crew,28
4887,Ryan Ververs,Crew,25
4888,Ryan Curtis,Crew,26
4889,Audrey Bengtson,Crew,28
4890,Rhett Armentrout,Crew,28
4891,Elizabeth Montgomery,Crew,28
4892,Isabella Dongarra,Crew,25
4893,Jacob Entwisle,Crew,27
4894,Robert Riecker,Crew,26
4895,Gabriele Grant,Crew,28
4896,Christiana Greer,Crew,28
4897,Anthony Thonnard,Crew,26
4898,Roman Dongarra,Crew,27
4899,Caroline Ziluca,Crew,26
4900,August Bellanca,Crew,27
4901,Peter Stover,Crew,28
4902,Kathryn Marshall,Crew,25
4903,Evangeline Barras,Crew,28
4904,Tyler Needham,Crew,27
4905,Silas Hodges,Crew,27
4906,Deepak Ramesh,Crew,27
4907,Claudia Severson,Crew,25
4908,Grace Hartman,Crew,24
4909,Ella Lane,Crew,25
4910,Claire Calkins,Crew,28
4911,Nathaniel Adams,Crew,26
4912,Sanjana Ravuri,Crew,26
4913,Brian Zagalsky,Crew,25
4914,Evgeniia Nikonova,Crew,28
4915,Natalie Rogers,Crew,27
4916,Emma Retzlaff,Crew,25
4917,Brendan van Riper,Crew,27
4918,Terry Nguyen,Crew,25
4919,Emily Mock,Crew,27
4920,Beatrice Crucs,Crew,28
4921,Stephen Blair,Crew,24
4922,Ella Neith,Crew,28
4923,David Lowry,Crew,27
4924,Naitik Gupta,Crew,25
4925,Kristine Roegner,Crew,28
4926,Sam Windsor,Crew,25
4927,Clea Yates,Crew,26
4928,Mary Powell,Crew,27
4929,Makenna Labor,Crew,25
4930,Aidan Kelly,Crew,28
4931,Sadie Goldberg,Crew,26
4932,Antonio Aaron,Crew,26
4933,Grace Boesel,Crew,26
4934,Vlada Malina,Crew,26
4935,Phyllip Gwozdz,Crew,25
4936,Daniel Coplan,Crew,25
4937,Ryan Tagen,Crew,28
4938,Justin Marquez,Crew,28
4939,Samson Barbara,Crew,26
4940,Hayden Robertson,Crew,26
4941,Levi Loomis-Adams,Crew,28
4942,Clemens Robinson,Crew,28
4943,Melissa Young,Crew,26
4944,Mac Fitzgerald,Crew,28
4945,Amelia Sulciner,Crew,28
4946,Andrew Lam,Crew,26
4947,Isabel Brenner,Crew,28
4948,Sarah Goodyear,Crew,26
4949,Zuzanna Barska,Crew,26
4950,Alexandra Gustafson,Crew,28
4951,Will Platten,Crew,27
4952,Yaakov Berman,Crew,28
4953,Savannah Monnig,Crew,27
4954,Emma Kilcollins,Crew,27
4955,Roman Borger,Crew,26
4956,Mason Howell,Crew,28
4957,Henry Germano,Crew,26
4958,Andrea Boknevitz,Crew,27
4959,Alexander Goldsmith,Crew,28
4960,Ethan Tassin,Crew,28
4961,Louis Augier,Crew,26
4962,Matthew Sexton,Crew,28
4963,Holly Mulford,Crew,27
4964,Ivy Shi,Crew,27
4965,Owen Moriarty,Crew,28
4966,Benjamin Conte,Crew,26
4967,Kylie Craig,Crew,28
4968,Catherine Li,Crew,27
4969,Gabby Collins,Crew,28
4970,Alexander Rosen,Crew,28
4971,Eloïse Mouille,Crew,28
4972,Julian Dahiya,Crew,28
4973,Abbie Daniels,Crew,27
4974,Megan St.Germain,Crew,27
4975,Nick Lopez,Crew,26
4976,Winni Opel,Crew,26
4977,Everett Nash,Crew,24
4978,Matias Martin,Crew,27
4979,Kelly Holthus,Crew,27
4980,Madelyn Minor,Crew,24
4981,Georgia Kimball,Crew,24
4982,Danny Amron,Crew,25
4983,Dora Vecoli,Crew,27
4984,Brian Polak,Crew,27
4985,Savannah McMullen,Crew,26
4986,Grace Gonzalez,Crew,27
4987,Reagan Bottomley,Crew,26
4988,Maya Moschallski,Crew,25
4989,Sophie Sleeman,Crew,26
4990,Grayden Mitchell,Crew,27
4991,Tyler Meyer,Crew,24
4992,Alexander Cronin,Crew,26
4993,Ian O'Donnell,Crew,26
4994,Michael Blose,Crew,27
4995,Jared Cohen,Crew,25
4996,Caroline Bowers,Crew,24
4997,Harrison Geiser,Crew,27
4998,Margaret Mills,Crew,25
4999,Sarra Guezguez,Crew,27
5000,Eva Ermlich,Crew,26
5001,Mason Engelke,Crew,26
5002,William Coates,Crew,27
5003,Bridget Kenney,Crew,27
5004,Ashlee Rice-Bladykas,Crew,23
5005,Colin Molnar,Crew,25
5006,Rylie Garcia-Studdard,Crew,26
5007,Thomas Rice- Bladykas,Crew,23
5008,Abigail McCollum,Crew,27
5009,Gabriella Modugno,Crew,24
5010,Crispin Martin,Crew,25
5011,Mariam Kalathil,Crew,27
5012,Sophia Shulzhenko,Crew,25
5013,Griffin Stolp,Crew,27
5014,Ilinca Anschel,Crew,26
5015,Madelyn LaScala,Crew,27
5016,Maddy Netzer,Crew,26
5017,Sam Tobin,Crew,23
5018,Jed Bell,Crew,23
5019,Luke Monnich,Crew,25
5020,Noah Robitshek,Crew,25
5021,Mathieu Dale,Crew,25
5022,Eric Hansen,Crew,23
5023,Max Kleha,Crew,25
5024,Peter Foley III,Crew,26
5025,Kyle Pfrang,Crew,26
5026,William George,Crew,23
5027,Felix Cutler,Crew,26
5028,Cameron Borchert,Crew,24
5029,Mason Shaw,Crew,26
5030,Mary Hager,Crew,24
5031,Allison Hoeft,Crew,24
5032,Nadia Skillman,Crew,26
5033,David Holtzclaw,Crew,23
5034,Liam Kelly,Crew,24
5035,Kate Norman,Crew,26
5036,Daniel Sandoval,Crew,26
5037,Abby Irish,Crew,24
5038,Brandon Wortman,Crew,25
5039,Christopher Ford,Crew,23
5040,Diogenes Ceka,Crew,26
5041,Henry Anderson,Crew,26
5042,Claire Branding,Crew,25
5043,Jackie Moran,Crew,22
5044,Olivia Beller,Crew,26
5045,Arseniy Titov,Crew,25
5046,Isaac Bigsby,Crew,22
5047,Noah Flannery,Crew,24
5048,Fox Fernald,Crew,26
5049,Maya Veldman-Wilson,Crew,24
5050,Margaret Archibald,Crew,26
5051,Sonja Krajewski,Crew,26
5052,Nicholas Paulu,Crew,25
5053,Meghan Perez,Crew,22
5054,Tyler Davis,Crew,22
5055,Matthew Conder,Crew,23
5056,Valeria Vita,Crew,23
5057,Amelia Burke,Crew,23
5058,Crown Steiner,Crew,23
5059,Jessica Thomas,Crew,23
5060,Dima Murtada,Crew,23
5061,Jenna Spray,Crew,23
5062,Carly Wisner,Crew,25
5063,Edwin Lopez,Crew,23
5064,Hal Berdichesky,Crew,23
5065,Lucy Vogt,Crew,24
5066,Lillian Schneider,Crew,24
5067,Tina Zou,Crew,23
5068,Isabella Cipriano,Crew,25
5069,Jack Howard,Crew,23
5070,Katherine Muehlendorf,Crew,24
5071,Max Anstine,Crew,21
5072,Robert Mansuetto,Crew,25
5073,Connor Lothrop,Crew,24
5074,David Adipietro,Crew,23
5075,Elizabeth Barron,Crew,25
5076,Sophia Herrada,Crew,24
5077,Grayson Wright,Crew,25
5078,Shea Devine,Crew,24
5079,Kristin Hess,Crew,22
5080,Aidan Marcario,Crew,24
5081,Maxwell Penders,Crew,25
5082,Mo Liu,Crew,22
5083,Sydney Phipps,Crew,25
5084,Olivia Fulghum,Crew,24
5085,Kevin Carse,Crew,25
5086,David Estes,Crew,22
5087,Finn Weeden,Crew,25
5088,Iain Jaeger,Crew,23
5089,Luna Soley,Crew,22
5090,Giselle Flores,Crew,23
5091,Brooke Macierowski,Crew,23
5092,Ada Oancea,Crew,24
5093,Asher Moss,Crew,25
5094,Pax Poggi,Crew,25
5095,Juliana Turner,Crew,25
5096,Griffin Sanders,Crew,25
5097,Pascale Hunter,Crew,25
5098,Ava Tobias,Crew,28
5099,Charlotte Pare,Crew,28
5100,Tolly Kaiser,Crew,28
5101,Elizabeth Struve,Crew,28
5102,Taylor Bartell,Crew,28
5103,Eva Wieting,Crew,26
5104,Elin Reigstad,Crew,28
5105,Taber Allen,Crew,27
5106,Jake Leismer,Crew,28
5107,Gavin Parsons,Crew,28
5108,Colin Hexter,Crew,27
5109,Lucas Ribeiro,Crew,27
5110,Isabel Cross,Crew,28
5111,Grace Redner,Crew,27
5112,Ava Buchholz,Crew,28
5113,Raphael Tabouret,Crew,28
5114,David Derusha,Crew,28
5115,Mike Boland,Crew,27
5116,Jack Prom,Crew,28
5117,Carlos Sole,Crew,27
5118,Nathaniel Bacheller,Crew,28
5119,Calistoga Frerker,Crew,28
5120,Isabella Leiva,Crew,28
5121,Joe Lewandowski,Crew,26
5122,no show,Crew,13
5123,James Kelly,Crew,28
5124,Gregory Gold,Crew,25
5125,Elizabeth G Davis,Crew,28
5126,Benjamin Stewart,Crew,26
5127,Ava Wietlisbach,Crew,28
5128,Flora Johnson,Crew,27
5129,Juliana Lewis,Crew,27
5130,Quinn Healey,Crew,27
5131,Carley Yount,Crew,25
5132,Ruth Bergman,Crew,28
5133,Jack Adderley,Crew,28
5134,Mary Elliot,Crew,25
5135,John Ramsey,Crew,27
5136,Brent Penwarden,Crew,24
5137,olivia kennedy,Crew,25
5138,Michael Delgado,Crew,28
5139,Zach O'connor,Crew,27
5140,Cameron Kinnear,Crew,28
5141,anindita carlsen,Crew,28
5142,Omar Ahmed,Crew,16
5143,Sophie Stalnaker,Crew,25
5144,Patrick Grimes,Crew,27
5145,Keira LePage,Crew,27
5146,Morgan Smith,Crew,27
5147,Piper Lyons,Crew,28
5148,Morgan Melo,Crew,27
5149,Theo Meyer,Crew,28
5150,Varda Kotlyarsky,Crew,28
5151,Oliver Roy,Crew,26
5152,Ava DeAngelis,Crew,28
5153,Andrew Richards,Crew,28
5154,Nina Muscarella,Crew,27
5155,Dominic Pistone,Crew,28
5156,Natalie Wey,Crew,28
5157,Evelyn Bogan,Crew,28
5158,Miles Mannion,Crew,28
5159,Lily Hausler,Crew,28
5160,Emma Sharpe,Crew,28
5161,Thea Crowley,Crew,27
5162,Will Levy,Crew,25
5163,Allison Pala,Crew,25
5164,Lucy Li,Crew,28
5165,Kiera Haskell,Crew,28
5166,Sydney Sandor,Crew,28
5167,Kira Hernandez,Crew,25
5168,Johnna Schulz,Crew,25
5169,Maggie Sandbeck,Crew,28
5170,Christie Nguyen,Crew,25
5171,Ethan Stoehr,Crew,26
5172,Thomas Thurston,Crew,27
5173,Benjamin Siegel,Crew,26
5174,Olivia Dutra,Crew,28
5175,Nicholas DelVecchio,Crew,27
5176,Grant Smith,Crew,28
5177,Melvin Carcamo,Crew,28
5178,Isabelle McNabb,Crew,26
5179,Holly Coughlan,Crew,26
5180,Caitlin Briggs,Crew,27
5181,Patrick Igoe,Crew,26
5182,Parker Purrington,Crew,24
5183,Gavin Dempsey,Crew,26
5184,Jacob Zils,Crew,27
5185,Genevieve Gallico,Crew,27
5186,Enzo Menditto,Crew,26
5187,Georgia Green,Crew,28
5188,Ashley Dluge,Crew,24
5189,Jana Bulic,Crew,24
5190,Drake Mayer,Crew,26
5191,Gracie Corbett,Crew,26
5192,Jenna Krinsky,Crew,26
5193,Makenna Whiting,Crew,23
5194,Annie Miller,Crew,27
5195,Wiktoria Pedryc,Crew,24
5196,Tara Chen,Crew,25
5197,Kate Virsik,Crew,26
5198,Lucas Koenig,Crew,25
5199,Mathis Destouches,Crew,25
5200,Luke Seuntjens,Crew,27
5201,Scott Minshall,Crew,24
5202,Van Baghdasaryan,Crew,26
5203,Ryan Tallmadge,Crew,25
5204,Blake March,Crew,27
5205,Jonah Brewer,Crew,25
5206,Suhas Medidi,Crew,26
5207,Kayla Fireovid,Crew,25
5208,Ayden Feria,Crew,27
5209,Patrick Parker,Crew,25
5210,Simone Stolick,Crew,27
5211,Helena Atencio,Crew,26
5212,Tom Rice-Bladykas,Crew,23
5213,Nathan Hjort,Crew,27
5214,Taryn Leverance,Crew,25
5215,Caroline Odell,Crew,27
5216,Santiago Pastor,Crew,27
5217,Zoe Barros O'Haren,Crew,24
5218,Cho-Cho Williams,Crew,26
5219,Tess Heilman,Crew,26
5220,Annette Breton,Crew,26
5221,Humberto Porrata,Crew,25
5222,Casada Homan,Crew,26
5223,Olivia Stortz,Crew,25
5224,Zoe Spanos,Crew,26
5225,Rylee Martinez,Crew,26
5226,Kathryn Thorsen,Crew,25
5227,Joseph McNaughton,Crew,23
5228,Ronan Sulkin,Crew,26
5229,Aidan Boni,Crew,26
5230,Katherine McNamara,Crew,26
5231,Eleanor Donahue,Crew,25
5232,Nicholas Hardy,Crew,24
5233,Mabel Sliney,Crew,25
5234,Robert Turner,Crew,22
5235,Sarah Barringer,Crew,23
5236,Maureen Cooney,Crew,22
5237,Andrew Hedderman,Crew,24
5238,Emmy DiGiacomo,Crew,24
5239,Michael Egan,Crew,22
5240,Justin Folan,Crew,23
5241,Helmut Carter,Crew,22
5242,Jillian Casey,Crew,22
5243,Mallory Stafford,Crew,23
5244,Cecily Marden,Crew,25
5245,Maia Materman,Crew,22
5246,Philip Lengyel,Crew,25
5247,Michael Lamoureux,Crew,23
5248,Constantin Norden,Crew,22
5249,Nataly Currid,Crew,24
5250,Connor Macken,Crew,24
5251,Sara Beth Bouchard,Crew,24
5252,Pierce Brindley,Crew,28
5253,Zander King,Crew,25
5254,Parker Keeffe-Jones,Crew,28
5255,Ava Belli,Crew,28
5256,Joey Richardson,Crew,28
5257,Sadie Yoder,Crew,28
5258,Adrian Atwater,Crew,28
5259,Alexandra Jones,Crew,28
5260,Janet Fu,Crew,27
5261,Ryan Ehnot,Crew,26
5262,Ben Visco,Crew,28
5263,Andrew McCarthy,Crew,28
5264,Nora Donahue,Crew,28
5265,Pilar Cundey,Crew,27
5266,Katherine Shin,Crew,27
5267,Fay Byhovsky,Crew,28
5268,Andre Bochat,Crew,27
5269,Griffin Hayden,Crew,28
5270,Dominic Qin,Crew,27
5271,Matthew Chen,Crew,27
5272,Nathaniel Glass,Crew,28
5273,Soren Beckstrom,Crew,27
5274,Naomi Peters,Crew,26
5275,Colin Herbolsheimer,Crew,27
5276,Emi Rodes,Crew,28
5277,Miriam Pfahler Saxon,Crew,27
5278,Eliot Hack,Crew,28
5279,Sarah Brown,Crew,28
5280,Joshua Bourassa,Crew,26
5281,Adelyn Zimmerman,Crew,28
5282,Guiliana Giacomini,Crew,27
5283,Alex Strassberg Alonso,Crew,28
5284,Victoria Kutkovska,Crew,27
5285,Iris Badezet Delory,Crew,27
5286,Fiona Zhou,Crew,28
5287,Nicole Luna,Crew,26
5288,Andrew Sugerman,Crew,26
5289,Ally Younkin,Crew,26
5290,Leila Montoya,Crew,28
5291,Annika Shah,Crew,28
5292,Justus Woell,Crew,28
5293,Brian Cook,Crew,28
5294,Claire Ciamarra,Crew,28
5295,Emmett Book,Crew,28
5296,Noelle Erslovas,Crew,28
5297,Giselle Ringsrud,Crew,27
5298,Grace Gormley,Crew,28
5299,Maisy Vroom,Crew,28
5300,Joey David,Crew,25
5301,Julia Szymanski,Crew,28
5302,Maximilian Miesen,Crew,25
5303,Luke Osborne,Crew,28
5304,Alex Tang,Crew,27
5305,Maura Darby,Crew,25
5306,Vaughn Russell,Crew,28
5307,Jay Luquin,Crew,28
5308,Paxton Moore,Crew,28
5309,Luke Zylinski,Crew,26
5310,Blake Goodwin,Crew,27
5311,Dominik spinelli,Crew,27
5312,Paige Kurtenbach,Crew,27
5313,Kailyn Merkle,Crew,26
5314,Kassidy Kennedy,Crew,26
5315,Caroline Bielski,Crew,24
5316,Reid Kwiatkowski,Crew,26
5317,Alex Schlotterer,Crew,25
5318,Kate Crannell,Crew,24
5319,Roberta Kuliesiute,Crew,27
5320,Anna Nappi,Crew,25
5321,Grace Rexroth,Crew,26
5322,Henry Lennington,Crew,26
5323,Madison Servini,Crew,27
5324,Anen Ricketts,Crew,27
5325,Lauren Bradford,Crew,24
5326,Henrik Stjernfeldt,Crew,27
5327,Connor Cooper,Crew,24
5328,Laura MacMillan,Crew,24
5329,Lucas Randle,Crew,27
5330,Gianna Krezel,Crew,26
5331,Bracklinn Williams,Crew,25
5332,Matthew Nadolny,Crew,27
5333,Cheyenne Fair,Crew,25
5334,Coleman Walsh,Crew,26
5335,Claire Neace,Crew,24
5336,Jaden Sharp,Crew,26
5337,Logan Devaric,Crew,25
5338,Myles Wommack,Crew,27
5339,Hunter Ward,Crew,25
5340,Andrew von Glahn,Crew,26
5341,Ruby Phillips,Crew,27
5342,Alyssa Jones,Crew,26
5343,Sander Katz,Crew,25
5344,Kirill Melnichak-Zhuravlev,Crew,24
5345,Andrew Ciszewski,Crew,25
5346,Connor Fischetti,Crew,26
5347,Gabriella Cappelli,Crew,24
5348,Sylvia Fresco,Crew,23
5349,Caitlin Rosner,Crew,27
5350,Elizabeth Barile,Crew,23
5351,Kaleth Cushman,Crew,26
5352,Evan Walter,Crew,23
5353,David Berson,Crew,26
5354,Bayard Johnson,Crew,27
5355,Angela Ying,Crew,25
5356,hannah fritz,Crew,27
5357,Byron Brampton,Crew,22
5358,Nicholas Pisani,Crew,26
5359,Anne Farah Usman,Crew,24
5360,Meredith Moore,Crew,23
5361,Gavin Lamphier,Crew,26
5362,Thomas Marino,Crew,26
5363,Carter Hrabrick,Crew,23
5364,Reid Knox,Crew,23
5365,Kelvin Zheng,Crew,23
5366,Avery Keare,Crew,23
5367,George Warfel,Crew,26
5368,Lillian Brown,Crew,23
5369,Samuel Monique,Crew,25
5370,Livia Wagner,Crew,24
5371,Kiley Rubey,Crew,24
5372,Lucas Thielmann,Crew,24
5373,Ryan Painter,Crew,26
5374,Amir Graupe,Crew,23
5375,Katherine Naughton,Crew,24
5376,Cole Abbott,Crew,26
5377,Spencer Gerdes,Crew,24
5378,Nora Rosenfeld,Crew,26
5379,Ingrid Searby,Crew,25
5380,Jiandu Lu,Crew,24
5381,Thomas Raynor,Crew,25
5382,Abe Weston,Crew,25
5383,Mihika Jain,Crew,24
5384,Ryan Tatelbaum,Crew,25
5385,Henry Weese,Crew,24
5386,Max Charlamb,Crew,22
5387,Sam Reisbord,Crew,24
5388,Jack Fisher,Crew,25
5389,Ryan Hexter,Crew,25
5390,Christian Spencer,Crew,22
5391,William Keenan,Crew,23
5392,Luke Justin,Crew,25
5393,Jonathan Bailey,Crew,22
5394,Theodor Waalberg,Crew,23
5395,Robert Hunter,Crew,22
5396,Will Davies,Crew,22
5397,Lillian Nemeth,Crew,22
5398,Cara Samson,Crew,24
5399,Elisabeth Johanson,Crew,22
5400,Grace O'Brien,Crew,24
5401,Morgan Sailer,Crew,22
5402,Mia Hanes,Crew,24
5403,Elizabeth Gildea,Crew,24
5404,Teagan Cunningham,Crew,22
5405,Abdel Rivera,Crew,23
5406,Clayton Weum,Crew,25
5407,Collin Lee,Crew,25
5408,Noelle Eberly,Crew,25
5409,Tanner Cummings,Crew,24
5410,Jack Frankie,Crew,25
5411,Naya Tadavarthy,Crew,22
5412,Sadie Bernstein,Crew,23
5413,grace tarantino,Crew,25
5414,Brody Schwartz,Crew,24
5415,Julia Neus,Crew,24
5416,Odey Hariri,Crew,24
5417,Alex Day,Crew,24
5418,Joseph Thuente,Crew,24
5419,Michal Janowicz,Crew,24
5420,Ben Spring,Crew,22
5421,Ella Finnegan,Crew,24
5422,Joey McGarry,Crew,24
5423,Chris Elwell,Crew,23
5424,Emily Brownfield,Crew,23
5425,Alexander Macaulay,Crew,24
5426,Icey Siyi Ai,Crew,25
5427,Eden Bradshaw,Crew,23
5428,Zachary Nguyen,Crew,23
5429,Katherine Quinn,Crew,22
5430,Natalia Beltrán,Crew,23
5431,Cecilia Muller,Crew,25
5432,Pearl Lattanzi,Crew,23
5433,Colston Howell,Crew,24
5434,Katie Estep,Crew,25
5435,Parker Finkelstein,Crew,23
5436,Andrew Brown,Crew,23
5437,Clayton Greig,Crew,22
5438,Breanna Guo,Crew,25
5439,Andalucia Pilcher,Crew,28
5440,MEG SORENSEN,Crew,25
5441,Ella Engel,Crew,27
5442,Grace Wilson,Crew,27
5443,Luke Barker,Crew,28
5444,Ty Mazzga,Crew,28
5445,Cansin Ozsoy,Crew,26
5446,Sean Harren,Crew,28
5447,Luke Pennisi,Crew,28
5448,Jacob Fisher,Crew,27
5449,Bales Brannon,Crew,28
5450,Paulo Nicoli,Crew,27
5451,"Francis ""Mac"" Humphrey",Crew,26
5452,Julia Boutet,Crew,27
5453,Reese Blackwell,Crew,28
5454,Toby Grant,Crew,26
5455,Cameron Johnson,Crew,28
5456,Bradlee Anderson,Crew,28
5457,Aidan Munn,Crew,26
5458,Efe Guder,Crew,28
5459,Christopher Cunha,Crew,28
5460,Fill In,Crew,24
5461,Garrett Floerchinger,Crew,26
5462,Milo Fleming,Crew,28
5463,Alexander Yuen,Crew,25
5464,Finn Bradley,Crew,28
5465,Dru Schimke-Goetz,Crew,28
5466,Alexander Pfeffer,Crew,28
5467,Jack Cossari,Crew,26
5468,Alexander Gonzalez,Crew,24
5469,Kique Ruiz,Crew,26
5470,Adalia Jimenez,Crew,24
5471,Courtney Mar,Crew,27
5472,Paul Munsell,Crew,27
5473,Gabriel Rousseau,Crew,27
5474,Mason Norwood,Crew,26
5475,Daniel Pankowski,Crew,24
5476,Madi Newman,Crew,27
5477,Paula Castillo Hi Espino,Crew,27
5478,Mahika Behani,Crew,27
5479,Taylor Ziebell,Crew,27
5480,Luc Chone,Crew,27
5481,Matthew Prendiville,Crew,25
5482,Brandon Armenta,Crew,27
5483,Natalie Batham,Crew,24
5484,Dante Drolet,Crew,26
5485,Ivanna Sepulveda Suarez,Crew,26
5486,Elsa Danielsson,Crew,24
5487,Valerie Pieruccini,Crew,27
5488,Gabriel Peralta,Crew,27
5489,Miles O’Brien,Crew,26
5490,Shannon Deller,Crew,25
5491,Ahitagni Das,Crew,27
5492,Kate Hennig,Crew,26
5493,Alana Babilonia,Crew,25
5494,Emma Russin,Crew,23
5495,Victoria Applegate,Crew,25
5496,Colton Redding,Crew,23
5497,Mira Hays,Crew,26
5498,Matthew Carroll,Crew,24
5499,Abe Pankratz,Crew,25
5500,Jamie Morin,Crew,27
5501,Isha Pokerna,Crew,25
5502,Ignacio Quiroz Vargas,Crew,27
5503,Savannah Sterne,Crew,28
5504,Bryce Limbacher,Crew,25
5505,Rory Mitchell,Crew,27
5506,alyssa schaefer,Crew,26
5507,Kennedy Long,Crew,26
5508,Rylan Reynolds,Crew,27
5509,Benita Bowden,Crew,25
5510,Chandler DeBarros,Crew,24
5511,Jackson Strout,Crew,24
5512,Daniel Hale,Crew,27
5513,Summer Duba,Crew,25
5514,Marty Weigel,Crew,25
5515,Shaynan Montenegro,Crew,26
5516,Claire Laville,Crew,27
5517,Meredith Monnich,Crew,27
5518,Jack Duffy,Crew,27
5519,kailyn Irving,Crew,26
5520,Brett Tardie,Crew,25
5521,Allen Underwood III,Crew,25
5522,Alexander Levine,Crew,25
5523,Margaret Leary,Crew,25
5524,William Siegener,Crew,23
5525,Dren Gara,Crew,25
5526,Samantha Drake,Crew,25
5527,Robert Prause,Crew,26
5528,Isabella Botelho,Crew,25
5529,Noel Marran,Crew,24
5530,Carolina Morlion,Crew,23
5531,Emily Strasburg,Crew,25
5532,Mia Bernardi,Crew,26
5533,Rachel Pognany,Crew,26
5534,Abby Brown,Crew,22
5535,Alexis Mountford,Crew,25
5536,Mei Vickery,Crew,25
5537,Ivanni Jamin,Crew,24
5538,Sarah Duncan,Crew,24
5539,Kyla Burmester,Crew,23
5540,Peder Skotte,Crew,23
5541,Skylar Adelman,Crew,25
5542,Tammy Le,Crew,25
5543,Aaron Shalf,Crew,23
5544,Cody Van Ness,Crew,26
5545,Leah Schulman,Crew,22
5546,Ashton Borcherding,Crew,22
5547,christian muller,Crew,22
5548,Etienne Black,Crew,23
5549,Hailey Pemberton,Crew,23
5550,Charlotte Costikyan,Crew,24
5551,Tristan Whalen,Crew,22
5552,William Tella,Crew,25
5553,Caitlin Baxter,Crew,24
5554,Hannah Simmonds,Crew,25
5555,Katherine Rosa,Crew,25
5556,Kellen Bryant,Crew,24
5557,Aidan Kemper,Crew,23
5558,Kevin Hicks,Crew,24
5559,Mikaela Lee,Crew,24
5560,Caroline Hurley,Crew,25
5561,Olivia Craig,Crew,24
5562,Maya Giss,Crew,24
5563,Kaj Porter,Crew,24
5564,Arianna Smith,Crew,25
5565,Alaya Weekley,Crew,21
5566,Harrison New,Crew,22
5567,Tyler Pillman,Crew,23
5568,Gavin Garcia,Crew,24
5569,Daniel Leffman,Crew,23
5570,Ethan Eve,Crew,24
5571,Kira Shaw,Crew,23
5572,Cole Dempsey,Crew,25
5573,Cassidy Mullin,Crew,23
5574,Eric Heilshorn,Crew,23
5575,Ryan Magill,Crew,22
5576,Samuel Stephens,Crew,25
5577,Carly Fraker,Crew,23
5578,Adrienne Johnson,Crew,22
5579,John Sullivan,Crew,25
5580,Charlotte Jaqua,Crew,24
5581,Danielle Paten,Crew,22
5582,Lindsey Allen,Crew,25
5583,Natalie Glover,Crew,25
5584,Eva Rossell,Crew,23
5585,Colin Gagne,Crew,24
5586,Gonzalo Hurtado,Crew,24
5587,Addison Panse,Crew,22
5588,Neva Brown,Crew,25
5589,Lindsey Heben,Crew,23
5590,Gwenyth Schimmel,Crew,25
5591,Ceara Donovan,Crew,22
5592,Alyssa Ramsdale,Crew,21
5593,Zachary Urabe,Crew,21
5594,Joseph Silveira,Crew,24
5595,Maya Wharton,Crew,21
5596,Nicholas Pira,Crew,24
5597,Violet Delgado,Crew,25
5598,Nora Giannoni,Crew,23
5599,Walden Hillegass,Crew,23
5600,Katherine Pearson,Crew,22
5601,Ferid Ruano,Crew,22
5602,Quinton Yusi,Crew,25
5603,Audrey Turcotte,Crew,25
5604,Caroline Stack,Crew,22
5605,Sage Fanning,Crew,24
5606,Dakota Nance,Crew,23
5607,Katherine Olsen,Crew,25
5608,Quinn Schott,Crew,22
5609,Rhea Abbott,Crew,23
5610,Eleanor Yarkin,Crew,25
5611,Joshua Brooks,Crew,23
5612,Julia Wesseling,Crew,21
5613,Adrien Stroumza,Crew,23
5614,Delaney Kellen,Crew,21
5615,Daniel Childress,Crew,22
5616,Courtney Ausman,Crew,25
5617,Tyler Onderdonk,Crew,22
5618,Michael Rodi,Crew,22
5619,Jessica Lidberg,Crew,22
5620,Gage Reitzel,Crew,22
5621,Dane Thompson,Crew,23
5622,Nicholas Bonanno,Crew,26
5623,Madeline Torrey,Crew,28
5624,Kate Danielson,Crew,28
5625,Ella Towner,Crew,27
5626,Amelia Thomas,Crew,27
5627,Gabrielle Bakos,Crew,28
5628,Parker Laing,Crew,28
5629,Tara Sangal,Crew,26
5630,Hayden Clary,Crew,28
5631,Lucy Sunderland,Crew,28
5632,Jonathan Walerys,Crew,27
5633,Henry Myrick,Crew,26
5634,Gilda Dondona,Crew,28
5635,Jeremy Lunati,Crew,27
5636,Charlie Anderson,Crew,25
5637,Marc Leyk,Crew,28
5638,Teddy Stoldt,Crew,28
5639,Ash Clements,Crew,28
5640,Abbey Merrigan,Crew,28
5641,Adrian Winkelman,Crew,25
5642,Michelangelo Vecchio,Crew,27
5643,Ryan Satterberg,Crew,27
5644,Isaac Thompson,Crew,27
5645,Ted Richardsson,Crew,27
5646,Mason Oleniczak,Crew,28
5647,Annette Wadley,Crew,26
5648,Thomas Weykamp,Crew,28
5649,Talena Monasmith,Crew,26
5650,PAUL Backlas,Crew,28
5651,Joey Skerbeck,Crew,27
5652,Meg Tenpas,Crew,28
5653,Mia Stromberg,Crew,27
5654,Matt Cramer,Crew,26
5655,Samantha Brandon,Crew,26
5656,Lily Northon,Crew,28
5657,Andrew Acton,Crew,28
5658,Kira Bayes,Crew,25
5659,Joshua Wilcox,Crew,24
5660,Catherine Tanay,Crew,27
5661,Dylan Mullan,Crew,28
5662,Dustin Peter,Crew,25
5663,Sam Hatton,Crew,27
5664,Catherine Mignone,Crew,26
5665,Rufus Fender-Reid,Crew,27
5666,Savannah Miner,Crew,28
5667,Mika Fishell,Crew,27
5668,Noelle Keto,Crew,26
5669,Emily Kumph,Crew,27
5670,Gabrielle Ahitow,Crew,28
5671,Allison Rhea,Crew,26
5672,Jessi Bridges,Crew,27
5673,Calli McKee,Crew,27
5674,Rylie Cataldo,Crew,27
5675,Emma Pope,Crew,25
5676,Sarah Weese,Crew,24
5677,Claire Seeling-Branscomb,Crew,24
5678,Evelyn Walsh,Crew,26
5679,Ashley Franklin,Crew,27
5680,Kayla Maguire,Crew,26
5681,John Wynne,Crew,25
5682,Abby Chirico,Crew,24
5683,Jasper Waldman,Crew,25
5684,Cameron Turner,Crew,24
5685,Ryan Mckinney,Crew,24
5686,Nalu Ho,Crew,24
5687,Michael Kirkman,Crew,25
5688,Shea Smith,Crew,25
5689,Ella Crider,Crew,27
5690,John Bloch,Crew,26
5691,Jude Jackman,Crew,25
5692,George White,Crew,27
5693,Mariner Fagan,Crew,24
5694,Avery Canavan,Crew,25
5695,Katherine Driebe,Crew,24
5696,Thibault Antonietti,Crew,24
5697,Carmen Cowles,Crew,25
5698,Christian Pegouske,Crew,23
5699,Emma Tallman,Crew,25
5700,Noah Shore,Crew,22
5701,Harrison Bailey,Crew,23
5702,John Cabell,Crew,26
5703,Annie Farner,Crew,12
5704,Mariana Carta,Crew,23
5705,Michael Ehnot,Crew,22
5706,Aidan Young,Crew,24
5707,Viktoria Ljungman,Crew,22
5708,richard garza,Crew,22
5709,David Grace,Crew,23
5710,Elizabeth van der Voort,Crew,21
5711,Audrey Craig,Crew,24
5712,Max Shapiro,Crew,25
5713,Joe Serpa,Crew,24
5714,Melanie Gainer,Crew,22
5715,Thomas Hadcock,Crew,24
5716,Emily Wood,Crew,23
5717,Etain McKinney,Crew,22
5718,Sean Sweeney,Crew,24
5719,Noah Mueller,Crew,23
5720,Nicole Giuliani,Crew,24
5721,Barrett Hall,Crew,24
5722,Gavin Donahee,Crew,25
5723,Luisa Munoz,Crew,25
5724,Thomas Szymanski,Crew,22
5725,Peter Cronin,Crew,22
5726,Ella Beauregard,Crew,25
5727,Ryan Hamilton,Crew,23
5728,Griffin Richardson,Crew,25
5729,Elena Waechter,Crew,22
5730,Cameron Robinson,Crew,23
5731,Jason Goldsmith,Crew,23
5732,Victor Silvinkis,Crew,25
5733,Rebecca Ackerman,Crew,25
5734,Alistair Coyle,Crew,25
5735,Emily Abahazi,Crew,24
5736,AJ McRitchie,Crew,22
5737,Quinn Frizzell,Crew,23
5738,Craig Needham,Crew,23
5739,Grant Broski,Crew,22
5740,Lauren Oskam,Crew,24
5741,Anna Rahner,Crew,25
5742,Taylor Jackson,Crew,18
5743,Lucas Rodenroth,Crew,27
5744,Brady Boland,Crew,26
5745,Alexander Charlton,Crew,28
5746,Alexander Reynolds,Crew,28
5747,Samantha Forgosh,Crew,26
5748,Kate Weigand,Crew,28
5749,Caitlin Costello,Crew,28
5750,Jack Charlton,Crew,27
5751,Soren Gabor,Crew,26
5752,Phoebe Milhollin,Crew,28
5753,Parker Kumler,Crew,27
5754,Claire Lewis,Crew,27
5755,Oliver Zhu,Crew,28
5756,Sean Padilla,Crew,27
5757,Caroline Caudron,Crew,27
5758,Mary Carter,Crew,28
5759,Leo Marek,Crew,26
5760,Sloane Mullin,Crew,27
5761,Connor Nihem,Crew,27
5762,Luke Thistlethwaite,Crew,25
5763,Reema Nannapaneni,Crew,27
5764,Noah Klayman,Crew,25
5765,Natalie Lai,Crew,28
5766,Elaina Berdyck,Crew,26
5767,Joseph Edmonson,Crew,26
5768,Gabriella Platt,Crew,25
5769,Spencer Patten,Crew,27
5770,Kevin McGann,Crew,25
5771,Oliver Sommer,Crew,27
5772,Anna Morrow,Crew,25
5773,Cora Gunderson,Crew,27
5774,Theo Everson,Crew,29
5775,Bear Elliot,Crew,27
5776,Elias West,Crew,25
5777,Marianna Maciel,Crew,28
5778,Katherine Hendricks,Crew,26
5779,Apollo Jones,Crew,28
5780,Maximus La Via,Crew,25
5781,Ava Quinn,Crew,28
5782,Madeline Gordon,Crew,25
5783,Lauren Bemis,Crew,26
5784,Nok In Chan,Crew,25
5785,Raymond Chen,Crew,24
5786,Nick Myneni,Crew,26
5787,Timothy Hesse,Crew,27
5788,Hannah Pickard,Crew,24
5789,Daniil Garbuzov,Crew,26
5790,Sebastien Welters,Crew,24
5791,Kurtis Johnston,Crew,26
5792,Cason Martz,Crew,05
5793,Emily Clark,Crew,23
5794,Maya Gray,Crew,26
5795,Maddline Brinkmann,Crew,26
5796,Kieran Lyons,Crew,26
5797,Maclain Walsworth,Crew,28
5798,Kaia Armas,Crew,25
5799,Ben Parker,Crew,25
5800,Megan Hamilton,Crew,05
5801,Isabelle Heller,Crew,26
5802,Rowen Mahan,Crew,26
5803,Lillian Nystrom,Crew,23
5804,Jenna Kozal,Crew,24
5805,Taylor Longhitano,Crew,23
5806,Russell English,Crew,22
5807,Anna Howell,Crew,26
5808,Luke Koerschner,Crew,23
5809,Matthew Sullivan,Crew,24
5810,Ethan Jones,Crew,24
5811,Peter Grumbling,Crew,23
5812,Jeff Filmalter,Crew,23
5813,William Gilfoil,Crew,23
5814,Michelle Martindale,Crew,23
5815,Carrie Narbutis,Crew,26
5816,Guillaume Claude,Crew,22
5817,Piper Easton,Crew,26
5818,Liam Bonnoe,Crew,23
5819,Soren Althoff,Crew,26
5820,Cole Baldwin,Crew,26
5821,Amy Chookiatsirichai,Crew,25
5822,Luke Jouflas,Crew,25
5823,Sofya Sharikova,Crew,26
5824,Talia Mintz,Crew,26
5825,Tess Schornack,Crew,26
5826,Jacob Matyas,Crew,23
5827,Joseph Cawthorne,Crew,23
5828,Ben Kassof,Crew,25
5829,Anna Stensland,Crew,22
5830,Lucy Foot,Crew,24
5831,Ethan Irish,Crew,24
5832,Chloe Manning-Floch,Crew,25
5833,Thomas Moore,Crew,24
5834,Malcolm Renney,Crew,24
5835,Gavin Cole,Crew,24
5836,Mira Anders,Crew,23
5837,Zackery Martin,Crew,23
5838,Stuart Reckase,Crew,23
5839,Grace Rothmeyer,Crew,25
5840,Luca Hagmayer-Pickholz,Crew,23
5841,Manuel Suarez,Crew,22
5842,Kira Davis,Crew,25
5843,YOKO Kinoshita,Crew,24
5844,Emily Smith,Crew,25
5845,Owen Johnson,Crew,27
5846,Kristian Solhaug,Crew,27
5847,Jaxon Gordon,Crew,25
5848,Malcolm Duncan Graves,Crew,24
5849,Anna Morrow,Crew,24
5850,Evan Maudlin,Crew,27
5851,Lucas Burzycki,Crew,23
5852,Mitchell Powers,Crew,25
5853,Aragorn Crozier,Crew,24
5854,Nathan Turner,Crew,27
5855,Joey Lyon,Crew,27
5856,Morgan Walden,Crew,27
5857,Ethan Lowenthal,Crew,25
5858,Eric Anderson,Crew,26
5859,Jaden Unruh,Crew,26
5860,Meredith Carle,Crew,23
5861,Reese Miller,Crew,22
5862,Trevor Skeffington,Crew,25
5863,Alexx Johnson,Crew,23
5864,Devon Stapleton,Crew,23
5865,Caroline Hurley,Crew,24
5866,Emilie Jones,Crew,23
5867,Fiona Wu,Crew,25
